,model_name,dataset_path,dataset_config,horizon,num_windows,initial_cutoff,window_step_size,min_context_length,max_context_length,seasonality,eval_metric,extra_metrics,quantile_levels,id_column,timestamp_column,target,generate_univariate_targets_from,known_dynamic_columns,past_dynamic_columns,static_columns,task_name,test_error,training_time_s,inference_time_s,dataset_fingerprint,trained_on_this_dataset,fev_version,SQL,MASE,WAPE,WQL,model_config,forward_time_s
0,citras-fm,autogluon/fev_datasets,proenfo_gfc12,168,10,-1680,168,1,,24,SQL,"['MASE', {'name': 'WAPE', 'epsilon': 1.0}, {'name': 'WQL', 'epsilon': 1.0}]","[0.1, 0.2, 0.3, 0.4, 0.5, 0.6, 0.7, 0.8, 0.9]",id,timestamp,target,,['airtemperature'],[],[],proenfo_gfc12,0.8304772402542266,,7.172065034159459,7c9ee0786e7de9fc,FALSE,0.6.1,0.8304772402542266,0.9769768871833285,0.086517815,0.073629607,"{'context_length': 1032, 'model_name': 'citras-fm', 'batch_size': 256, 'device': device(type='cuda', index=0), 'seed': 123}",6.153095483779907
1,citras-fm,autogluon/fev_datasets,proenfo_gfc14,168,20,-3360,168,1,,24,SQL,"['MASE', {'name': 'WAPE', 'epsilon': 1.0}, {'name': 'WQL', 'epsilon': 1.0}]","[0.1, 0.2, 0.3, 0.4, 0.5, 0.6, 0.7, 0.8, 0.9]",id,timestamp,target,,['airtemperature'],[],[],proenfo_gfc14,0.6096831120832706,,11.006018384709023,eb4b54a1ec3114bf,FALSE,0.6.1,0.6096831120832706,0.745386429,0.036362017458304766,0.029730923565680224,"{'context_length': 1032, 'model_name': 'citras-fm', 'batch_size': 256, 'device': device(type='cuda', index=0), 'seed': 123}",10.872106790542603
2,citras-fm,autogluon/fev_datasets,proenfo_gfc17,168,20,-3360,168,1,,24,SQL,"['MASE', {'name': 'WAPE', 'epsilon': 1.0}, {'name': 'WQL', 'epsilon': 1.0}]","[0.1, 0.2, 0.3, 0.4, 0.5, 0.6, 0.7, 0.8, 0.9]",id,timestamp,target,,['airtemperature'],[],[],proenfo_gfc17,0.7660734895841419,,12.884138516383246,2c63b48ca8f6dd9a,FALSE,0.6.1,0.7660734895841419,0.9189420173052977,0.061544747,0.05130469,"{'context_length': 1032, 'model_name': 'citras-fm', 'batch_size': 256, 'device': device(type='cuda', index=0), 'seed': 123}",11.972557783126831
3,citras-fm,autogluon/fev_datasets,rohlik_sales_1D,14,1,2023-12-15T00:00:00,14,14,,7,SQL,"['MASE', {'name': 'WAPE', 'epsilon': 1.0}, {'name': 'WQL', 'epsilon': 1.0}]","[0.1, 0.2, 0.3, 0.4, 0.5, 0.6, 0.7, 0.8, 0.9]",id,timestamp,sales,,"['holiday', 'school_holidays', 'sell_price_main', 'shops_closed', 'total_orders', 'type_0_discount', 'type_1_discount', 'type_2_discount', 'type_3_discount', 'type_4_discount', 'type_5_discount', 'type_6_discount', 'winter_school_holidays']",['availability'],"['L1_category_name_en', 'L2_category_name_en', 'L3_category_name_en', 'L4_category_name_en', 'name', 'product_unique_id', 'warehouse']",rohlik_sales_1D,1.1687648024904465,,17.159548065974377,c475daf9af96ed16,FALSE,0.6.1,1.1687648024904465,1.422752481006277,0.38986918330192566,0.3191151897770108,"{'context_length': 1032, 'model_name': 'citras-fm', 'batch_size': 256, 'device': device(type='cuda', index=0), 'seed': 123}",5.701333284378052
4,citras-fm,autogluon/fev_datasets,rohlik_orders_1D,61,5,2023-05-01T00:00:00,61,1,,7,SQL,"['MASE', {'name': 'WAPE', 'epsilon': 1.0}, {'name': 'WQL', 'epsilon': 1.0}]","[0.1, 0.2, 0.3, 0.4, 0.5, 0.6, 0.7, 0.8, 0.9]",id,timestamp,orders,,"['holiday', 'school_holidays', 'shops_closed', 'winter_school_holidays']","['blackout', 'frankfurt_shutdown', 'mini_shutdown', 'mov_change', 'precipitation', 'shutdown', 'snow', 'user_activity_1', 'user_activity_2']",[],rohlik_orders_1D,1.034702106190723,,2.256840302841738,1774b84125cff789,FALSE,0.6.1,1.034702106190723,1.263417574427374,0.059153633564710616,0.048547870934765994,"{'context_length': 1032, 'model_name': 'citras-fm', 'batch_size': 256, 'device': device(type='cuda', index=0), 'seed': 123}",2.119631052017212
5,citras-fm,autogluon/fev_datasets,rohlik_sales_1W,8,1,2023-12-15T00:00:00,8,8,,1,SQL,"['MASE', {'name': 'WAPE', 'epsilon': 1.0}, {'name': 'WQL', 'epsilon': 1.0}]","[0.1, 0.2, 0.3, 0.4, 0.5, 0.6, 0.7, 0.8, 0.9]",id,timestamp,sales,,"['holiday', 'school_holidays', 'sell_price_main', 'shops_closed', 'total_orders', 'type_0_discount', 'type_1_discount', 'type_2_discount', 'type_3_discount', 'type_4_discount', 'type_5_discount', 'type_6_discount', 'winter_school_holidays']",['availability'],"['L1_category_name_en', 'L2_category_name_en', 'L3_category_name_en', 'L4_category_name_en', 'name', 'product_unique_id', 'warehouse']",rohlik_sales_1W,1.3992701086790116,,10.98845424,09041d7a8a29c83f,FALSE,0.6.1,1.3992701086790116,1.7055600833000368,0.2598514258861542,0.21368877167877917,"{'context_length': 1032, 'model_name': 'citras-fm', 'batch_size': 256, 'device': device(type='cuda', index=0), 'seed': 123}",1.3793575763702393
6,citras-fm,autogluon/fev_datasets,rohlik_orders_1W,8,5,2023-05-01T00:00:00,8,1,,1,SQL,"['MASE', {'name': 'WAPE', 'epsilon': 1.0}, {'name': 'WQL', 'epsilon': 1.0}]","[0.1, 0.2, 0.3, 0.4, 0.5, 0.6, 0.7, 0.8, 0.9]",id,timestamp,orders,,"['holiday', 'school_holidays', 'shops_closed', 'winter_school_holidays']","['blackout', 'frankfurt_shutdown', 'mini_shutdown', 'mov_change', 'precipitation', 'shutdown', 'snow', 'user_activity_1', 'user_activity_2']",[],rohlik_orders_1W,1.4815417817629157,,0.3099981698906049,bbb0372c6d5883ab,FALSE,0.6.1,1.4815417817629157,1.82768783,0.059370016,0.048124566918281285,"{'context_length': 1032, 'model_name': 'citras-fm', 'batch_size': 256, 'device': device(type='cuda', index=0), 'seed': 123}",0.1795957088470459
7,citras-fm,autogluon/fev_datasets,entsoe_15T,96,20,-1920,96,1,,96,SQL,"['MASE', {'name': 'WAPE', 'epsilon': 1.0}, {'name': 'WQL', 'epsilon': 1.0}]","[0.1, 0.2, 0.3, 0.4, 0.5, 0.6, 0.7, 0.8, 0.9]",id,timestamp,target,,"['radiation_diffuse_horizontal', 'radiation_direct_horizontal', 'temperature']",[],[],entsoe_15T,0.49172357633032204,,10.949682809063233,4e80c208c8b54e76,FALSE,0.6.1,0.49172357633032204,0.6043646408848564,0.040157807,0.032457111617573246,"{'context_length': 1032, 'model_name': 'citras-fm', 'batch_size': 256, 'device': device(type='cuda', index=0), 'seed': 123}",6.803402423858643
8,citras-fm,autogluon/fev_datasets,entsoe_30T,96,20,-1920,96,1,,48,SQL,"['MASE', {'name': 'WAPE', 'epsilon': 1.0}, {'name': 'WQL', 'epsilon': 1.0}]","[0.1, 0.2, 0.3, 0.4, 0.5, 0.6, 0.7, 0.8, 0.9]",id,timestamp,target,,"['radiation_diffuse_horizontal', 'radiation_direct_horizontal', 'temperature']",[],[],entsoe_30T,0.5324082856718012,,8.933570303954184,7a3623a47fa39853,FALSE,0.6.1,0.5324082856718012,0.6462294849047346,0.039940982,0.032983912,"{'context_length': 1032, 'model_name': 'citras-fm', 'batch_size': 256, 'device': device(type='cuda', index=0), 'seed': 123}",6.714703321456909
9,citras-fm,autogluon/fev_datasets,entsoe_1H,168,20,-3360,168,1,,24,SQL,"['MASE', {'name': 'WAPE', 'epsilon': 1.0}, {'name': 'WQL', 'epsilon': 1.0}]","[0.1, 0.2, 0.3, 0.4, 0.5, 0.6, 0.7, 0.8, 0.9]",id,timestamp,target,,"['radiation_diffuse_horizontal', 'radiation_direct_horizontal', 'temperature']",[],[],entsoe_1H,0.47537834900176223,,15.14615251775831,a900217b9207dc1a,FALSE,0.6.1,0.47537834900176223,0.565084488,0.034928305,0.029510189168525724,"{'context_length': 1032, 'model_name': 'citras-fm', 'batch_size': 256, 'device': device(type='cuda', index=0), 'seed': 123}",13.88121747970581
10,citras-fm,autogluon/fev_datasets,epf_be,24,20,-480,24,1,,24,SQL,"['MASE', {'name': 'WAPE', 'epsilon': 1.0}, {'name': 'WQL', 'epsilon': 1.0}]","[0.1, 0.2, 0.3, 0.4, 0.5, 0.6, 0.7, 0.8, 0.9]",id,timestamp,target,,"['Generation forecast', 'System load forecast']",[],[],epf_be,0.5053587681642974,,2.3842326547019184,fef9300bbbbc0b06,FALSE,0.6.1,0.5053587681642974,0.6266718033132894,0.11382614504545926,0.091655865,"{'context_length': 1032, 'model_name': 'citras-fm', 'batch_size': 256, 'device': device(type='cuda', index=0), 'seed': 123}",2.0710344314575195
11,citras-fm,autogluon/fev_datasets,epf_de,24,20,-480,24,1,,24,SQL,"['MASE', {'name': 'WAPE', 'epsilon': 1.0}, {'name': 'WQL', 'epsilon': 1.0}]","[0.1, 0.2, 0.3, 0.4, 0.5, 0.6, 0.7, 0.8, 0.9]",id,timestamp,target,,"['Ampirion Load Forecast', 'PV+Wind Forecast']",[],[],epf_de,0.641829284,,2.4281080350046977,b0b822e47c7608d3,FALSE,0.6.1,0.641829284,0.7941170656292134,0.37536198180168867,0.3025435172509976,"{'context_length': 1032, 'model_name': 'citras-fm', 'batch_size': 256, 'device': device(type='cuda', index=0), 'seed': 123}",2.1091408729553223
12,citras-fm,autogluon/fev_datasets,epf_fr,24,20,-480,24,1,,24,SQL,"['MASE', {'name': 'WAPE', 'epsilon': 1.0}, {'name': 'WQL', 'epsilon': 1.0}]","[0.1, 0.2, 0.3, 0.4, 0.5, 0.6, 0.7, 0.8, 0.9]",id,timestamp,target,,"['Generation forecast', 'System load forecast']",[],[],epf_fr,0.4162508064535263,,2.219444345217198,8f5f11f4c654e31f,FALSE,0.6.1,0.4162508064535263,0.516455027,0.07957595,0.06438319,"{'context_length': 1032, 'model_name': 'citras-fm', 'batch_size': 256, 'device': device(type='cuda', index=0), 'seed': 123}",1.9064280986785889
13,citras-fm,autogluon/fev_datasets,epf_np,24,20,-480,24,1,,24,SQL,"['MASE', {'name': 'WAPE', 'epsilon': 1.0}, {'name': 'WQL', 'epsilon': 1.0}]","[0.1, 0.2, 0.3, 0.4, 0.5, 0.6, 0.7, 0.8, 0.9]",id,timestamp,target,,"['Grid load forecast', 'Wind power forecast']",[],[],epf_np,0.775848168,,2.4255906300386414,269b47960e0cd2ad,FALSE,0.6.1,0.775848168,0.9649422555038154,0.043778507,0.035176084,"{'context_length': 1032, 'model_name': 'citras-fm', 'batch_size': 256, 'device': device(type='cuda', index=0), 'seed': 123}",2.1098787784576416
14,citras-fm,autogluon/fev_datasets,epf_pjm,24,20,-480,24,1,,24,SQL,"['MASE', {'name': 'WAPE', 'epsilon': 1.0}, {'name': 'WQL', 'epsilon': 1.0}]","[0.1, 0.2, 0.3, 0.4, 0.5, 0.6, 0.7, 0.8, 0.9]",id,timestamp,target,,"['System load forecast', 'Zonal COMED load foecast']",[],[],epf_pjm,0.4269814194299671,,2.339216287015006,7087b94a370e1baa,FALSE,0.6.1,0.4269814194299671,0.5446976180665436,0.095062098,0.074506095,"{'context_length': 1032, 'model_name': 'citras-fm', 'batch_size': 256, 'device': device(type='cuda', index=0), 'seed': 123}",2.014106035232544
15,citras-fm,autogluon/fev_datasets,rossmann_1D,48,10,-480,48,1,,7,SQL,"['MASE', {'name': 'WAPE', 'epsilon': 1.0}, {'name': 'WQL', 'epsilon': 1.0}]","[0.1, 0.2, 0.3, 0.4, 0.5, 0.6, 0.7, 0.8, 0.9]",id,timestamp,Sales,,"['DayOfWeek', 'Open', 'Promo', 'SchoolHoliday', 'StateHoliday']",['Customers'],"['Assortment', 'CompetitionDistance', 'CompetitionOpenSinceMonth', 'CompetitionOpenSinceYear', 'Promo2', 'Promo2SinceWeek', 'Promo2SinceYear', 'PromoInterval', 'Store', 'StoreType']",rossmann_1D,0.5260209800370064,,78.32518034905661,29ae5d8fec87a1fd,FALSE,0.6.1,0.5260209800370064,0.625444863,0.2131271556019783,0.17933013043487528,"{'context_length': 1032, 'model_name': 'citras-fm', 'batch_size': 256, 'device': device(type='cuda', index=0), 'seed': 123}",46.83224821090698
16,citras-fm,autogluon/fev_datasets,rossmann_1W,13,8,-104,13,1,,1,SQL,"['MASE', {'name': 'WAPE', 'epsilon': 1.0}, {'name': 'WQL', 'epsilon': 1.0}]","[0.1, 0.2, 0.3, 0.4, 0.5, 0.6, 0.7, 0.8, 0.9]",id,timestamp,Sales,,"['Open', 'Promo', 'SchoolHoliday', 'StateHoliday']",['Customers'],"['Assortment', 'CompetitionDistance', 'CompetitionOpenSinceMonth', 'CompetitionOpenSinceYear', 'Promo2', 'Promo2SinceWeek', 'Promo2SinceYear', 'PromoInterval', 'Store', 'StoreType']",rossmann_1W,0.4852731881062927,,22.16790096904151,cfc14443664745b2,FALSE,0.6.1,0.4852731881062927,0.6386775777025134,0.17543813213706017,0.13204905317093305,"{'context_length': 1032, 'model_name': 'citras-fm', 'batch_size': 256, 'device': device(type='cuda', index=0), 'seed': 123}",1.226130723953247
17,citras-fm,autogluon/fev_datasets,restaurant,28,8,-224,28,1,,7,SQL,"['MASE', {'name': 'WAPE', 'epsilon': 1.0}, {'name': 'WQL', 'epsilon': 1.0}]","[0.1, 0.2, 0.3, 0.4, 0.5, 0.6, 0.7, 0.8, 0.9]",id,timestamp,target,,[],[],"['air_area_name', 'air_genre_name', 'latitude', 'longitude']",restaurant,0.6869112296408602,,10.766363484086469,cc84996f184fc2f6,FALSE,0.6.1,0.6869112296408602,0.8624061937522165,0.36207467690110207,0.2852746979843229,"{'context_length': 1032, 'model_name': 'citras-fm', 'batch_size': 256, 'device': device(type='cuda', index=0), 'seed': 123}",4.083821535110474
18,citras-fm,autogluon/fev_datasets,hermes,52,1,-52,52,1,,1,SQL,"['MASE', {'name': 'WAPE', 'epsilon': 1.0}, {'name': 'WQL', 'epsilon': 1.0}]","[0.1, 0.2, 0.3, 0.4, 0.5, 0.6, 0.7, 0.8, 0.9]",id,timestamp,target,,['external'],[],"['category', 'country']",hermes,0.6465554489907451,,28.735505310003646,e1d9809dc251e19b,FALSE,0.6.1,0.6465554489907451,0.8222926795723969,0.003069935,0.002408262,"{'context_length': 1032, 'model_name': 'citras-fm', 'batch_size': 256, 'device': device(type='cuda', index=0), 'seed': 123}",10.950671672821045
19,citras-fm,autogluon/fev_datasets,walmart,39,1,-39,39,1,,1,SQL,"['MASE', {'name': 'WAPE', 'epsilon': 1.0}, {'name': 'WQL', 'epsilon': 1.0}]","[0.1, 0.2, 0.3, 0.4, 0.5, 0.6, 0.7, 0.8, 0.9]",id,timestamp,target,,"['CPI', 'Fuel_Price', 'IsHoliday', 'MarkDown1', 'MarkDown2', 'MarkDown3', 'MarkDown4', 'MarkDown5', 'Temperature', 'Unemployment']",[],"['Dept', 'Size', 'Store', 'Type']",walmart,0.7529510436826364,,9.656775909010321,c55b4fd4c5773129,FALSE,0.6.1,0.7529510436826364,0.9551744277523384,0.11344099789857864,0.089208022,"{'context_length': 1032, 'model_name': 'citras-fm', 'batch_size': 256, 'device': device(type='cuda', index=0), 'seed': 123}",4.049248695373535
20,citras-fm,autogluon/fev_datasets,m5_1D,28,1,-28,28,1,,7,SQL,"['MASE', {'name': 'WAPE', 'epsilon': 1.0}, {'name': 'WQL', 'epsilon': 1.0}]","[0.1, 0.2, 0.3, 0.4, 0.5, 0.6, 0.7, 0.8, 0.9]",id,timestamp,target,,"['event_Cultural', 'event_National', 'event_Religious', 'event_Sporting', 'sell_price', 'snap_CA', 'snap_TX', 'snap_WI']",[],"['cat_id', 'dept_id', 'item_id', 'state_id', 'store_id']",m5_1D,0.736743588,,294.6041424,6a59fc844b2175f7,FALSE,0.6.1,0.736743588,0.8945140765533278,0.7149345278739929,0.5648300489501039,"{'context_length': 1032, 'model_name': 'citras-fm', 'batch_size': 256, 'device': device(type='cuda', index=0), 'seed': 123}",223.21009349822998
21,citras-fm,autogluon/fev_datasets,m5_1W,13,1,-13,13,1,,1,SQL,"['MASE', {'name': 'WAPE', 'epsilon': 1.0}, {'name': 'WQL', 'epsilon': 1.0}]","[0.1, 0.2, 0.3, 0.4, 0.5, 0.6, 0.7, 0.8, 0.9]",id,timestamp,target,,"['event_Cultural', 'event_National', 'event_Religious', 'event_Sporting', 'sell_price', 'snap_CA', 'snap_TX', 'snap_WI']",[],"['cat_id', 'dept_id', 'item_id', 'state_id', 'store_id']",m5_1W,0.9034858220415303,,65.8124349,8d7cc2396f52bcbc,FALSE,0.6.1,0.9034858220415303,1.1485115608935605,0.4324602484703064,0.3383157235375967,"{'context_length': 1032, 'model_name': 'citras-fm', 'batch_size': 256, 'device': device(type='cuda', index=0), 'seed': 123}",9.954493761062622
22,citras-fm,autogluon/fev_datasets,m5_1M,12,1,-12,12,6,,12,SQL,"['MASE', {'name': 'WAPE', 'epsilon': 1.0}, {'name': 'WQL', 'epsilon': 1.0}]","[0.1, 0.2, 0.3, 0.4, 0.5, 0.6, 0.7, 0.8, 0.9]",id,timestamp,target,,"['event_Cultural', 'event_National', 'event_Religious', 'event_Sporting', 'sell_price', 'snap_CA', 'snap_TX', 'snap_WI']",[],"['cat_id', 'dept_id', 'item_id', 'state_id', 'store_id']",m5_1M,0.986461872,,56.56446951592807,5d40840afc423bdf,FALSE,0.6.1,0.986461872,1.167419109601752,0.4297947883605957,0.34135910839381184,"{'context_length': 1032, 'model_name': 'citras-fm', 'batch_size': 256, 'device': device(type='cuda', index=0), 'seed': 123}",3.738337755203247
23,citras-fm,autogluon/fev_datasets,hierarchical_sales_1D,28,10,-280,28,1,,7,SQL,"['MASE', {'name': 'WAPE', 'epsilon': 1.0}, {'name': 'WQL', 'epsilon': 1.0}]","[0.1, 0.2, 0.3, 0.4, 0.5, 0.6, 0.7, 0.8, 0.9]",id,timestamp,target,,[],[],[],hierarchical_sales_1D,0.5552408120746626,,3.7109828,0ecbb4076fd5ba78,FALSE,0.6.1,0.5552408120746626,0.6897740197718181,0.6978458821773529,0.5676603822116071,"{'context_length': 1032, 'model_name': 'citras-fm', 'batch_size': 256, 'device': device(type='cuda', index=0), 'seed': 123}",2.183547258377075
24,citras-fm,autogluon/fev_datasets,hierarchical_sales_1W,13,10,-130,13,1,,1,SQL,"['MASE', {'name': 'WAPE', 'epsilon': 1.0}, {'name': 'WQL', 'epsilon': 1.0}]","[0.1, 0.2, 0.3, 0.4, 0.5, 0.6, 0.7, 0.8, 0.9]",id,timestamp,target,,[],[],[],hierarchical_sales_1W,0.622957962,,1.4341062270104885,691bd281f0ad7adc,FALSE,0.6.1,0.622957962,0.7593217293802705,0.4339944511651993,0.3688751656463698,"{'context_length': 1032, 'model_name': 'citras-fm', 'batch_size': 256, 'device': device(type='cuda', index=0), 'seed': 123}",0.3842756748199463
25,citras-fm,autogluon/fev_datasets,favorita_stores_1D,28,10,-280,28,1,,7,SQL,"['MASE', {'name': 'WAPE', 'epsilon': 1.0}, {'name': 'WQL', 'epsilon': 1.0}]","[0.1, 0.2, 0.3, 0.4, 0.5, 0.6, 0.7, 0.8, 0.9]",id,timestamp,sales,,"['holiday', 'onpromotion']",['oil_price'],"['city', 'cluster', 'family', 'state', 'store_nbr', 'type']",favorita_stores_1D,1.0041087992870763,,112.16052460798528,7c6ded4c862d08bd,FALSE,0.6.1,1.0041087992870763,1.2364241436735808,0.16727025657892228,0.13667148310054827,"{'context_length': 1032, 'model_name': 'citras-fm', 'batch_size': 256, 'device': device(type='cuda', index=0), 'seed': 123}",61.31933403015137
26,citras-fm,autogluon/fev_datasets,favorita_stores_1W,13,10,-130,13,1,,1,SQL,"['MASE', {'name': 'WAPE', 'epsilon': 1.0}, {'name': 'WQL', 'epsilon': 1.0}]","[0.1, 0.2, 0.3, 0.4, 0.5, 0.6, 0.7, 0.8, 0.9]",id,timestamp,sales,,['onpromotion'],['oil_price'],"['city', 'cluster', 'family', 'state', 'store_nbr', 'type']",favorita_stores_1W,2.0234463707656496,,39.74366781779099,1cf7145738b8996c,FALSE,0.6.1,2.0234463707656496,2.399906633162775,0.1327817104756832,0.10900907176822769,"{'context_length': 1032, 'model_name': 'citras-fm', 'batch_size': 256, 'device': device(type='cuda', index=0), 'seed': 123}",2.6539833545684814
27,citras-fm,autogluon/fev_datasets,favorita_stores_1M,12,2,-24,12,1,,12,SQL,"['MASE', {'name': 'WAPE', 'epsilon': 1.0}, {'name': 'WQL', 'epsilon': 1.0}]","[0.1, 0.2, 0.3, 0.4, 0.5, 0.6, 0.7, 0.8, 0.9]",id,timestamp,sales,,['onpromotion'],['oil_price'],"['city', 'cluster', 'family', 'state', 'store_nbr', 'type']",favorita_stores_1M,1.841755713884215,,7.326482823002152,90adf27f0175f9ae,FALSE,0.6.1,1.841755713884215,2.1478743134036553,0.17680153995752335,0.13455082821565306,"{'context_length': 1032, 'model_name': 'citras-fm', 'batch_size': 256, 'device': device(type='cuda', index=0), 'seed': 123}",0.39524316787719727
28,citras-fm,autogluon/fev_datasets,favorita_transactions_1D,28,10,-280,28,1,,7,SQL,"['MASE', {'name': 'WAPE', 'epsilon': 1.0}, {'name': 'WQL', 'epsilon': 1.0}]","[0.1, 0.2, 0.3, 0.4, 0.5, 0.6, 0.7, 0.8, 0.9]",id,timestamp,transactions,,['holiday'],['oil_price'],"['city', 'cluster', 'state', 'store_nbr', 'type']",favorita_transactions_1D,1.2702790211801687,,4.684710100991651,93e47f4edb5bcbe1,FALSE,0.6.1,1.2702790211801687,1.4792351736280978,0.091998886,0.076640723,"{'context_length': 1032, 'model_name': 'citras-fm', 'batch_size': 256, 'device': device(type='cuda', index=0), 'seed': 123}",3.098668336868286
29,citras-fm,autogluon/fev_datasets,favorita_transactions_1W,13,10,-130,13,1,,1,SQL,"['MASE', {'name': 'WAPE', 'epsilon': 1.0}, {'name': 'WQL', 'epsilon': 1.0}]","[0.1, 0.2, 0.3, 0.4, 0.5, 0.6, 0.7, 0.8, 0.9]",id,timestamp,transactions,,[],['oil_price'],"['city', 'cluster', 'state', 'store_nbr', 'type']",favorita_transactions_1W,1.6445570255518862,,1.1756383017636836,19b5577b63233e9d,FALSE,0.6.1,1.6445570255518862,2.0647624862250895,0.067616656,0.056355939,"{'context_length': 1032, 'model_name': 'citras-fm', 'batch_size': 256, 'device': device(type='cuda', index=0), 'seed': 123}",0.3207895755767822
30,citras-fm,autogluon/fev_datasets,favorita_transactions_1M,12,2,-24,12,1,,12,SQL,"['MASE', {'name': 'WAPE', 'epsilon': 1.0}, {'name': 'WQL', 'epsilon': 1.0}]","[0.1, 0.2, 0.3, 0.4, 0.5, 0.6, 0.7, 0.8, 0.9]",id,timestamp,transactions,,[],['oil_price'],"['city', 'cluster', 'state', 'store_nbr', 'type']",favorita_transactions_1M,1.1079080447466214,,0.23774623998906463,6f7b1122146e5d93,FALSE,0.6.1,1.1079080447466214,1.4095587506821259,0.08904193,0.073175635,"{'context_length': 1032, 'model_name': 'citras-fm', 'batch_size': 256, 'device': device(type='cuda', index=0), 'seed': 123}",0.055194616
31,citras-fm,autogluon/fev_datasets,solar_with_weather_15T,96,20,-1920,96,1,,96,SQL,"['MASE', {'name': 'WAPE', 'epsilon': 1.0}, {'name': 'WQL', 'epsilon': 1.0}]","[0.1, 0.2, 0.3, 0.4, 0.5, 0.6, 0.7, 0.8, 0.9]",id,timestamp,target,,"['day_length', 'humidity', 'pressure', 'rain_1h', 'snow_1h', 'temp', 'wind_speed']","['clouds_all', 'global_horizontal_irradiance']",[],solar_with_weather_15T,0.9206728820357772,,10.152411857969128,0b6d5a3c52af6282,FALSE,0.6.1,0.9206728820357772,1.1032117393366636,1.1578197088092566,1.0133708498383496,"{'context_length': 1032, 'model_name': 'citras-fm', 'batch_size': 256, 'device': device(type='cuda', index=0), 'seed': 123}",9.025972843170166
32,citras-fm,autogluon/fev_datasets,solar_with_weather_1H,24,20,-480,24,1,,24,SQL,"['MASE', {'name': 'WAPE', 'epsilon': 1.0}, {'name': 'WQL', 'epsilon': 1.0}]","[0.1, 0.2, 0.3, 0.4, 0.5, 0.6, 0.7, 0.8, 0.9]",id,timestamp,target,,"['day_length', 'humidity', 'pressure', 'rain_1h', 'snow_1h', 'temp', 'wind_speed']","['clouds_all', 'global_horizontal_irradiance']",[],solar_with_weather_1H,0.7972648725265458,,2.8050387841649354,1ae39ff7d1aba62c,FALSE,0.6.1,0.7972648725265458,0.9954407334173047,1.2562681440263987,1.0395352877945954,"{'context_length': 1032, 'model_name': 'citras-fm', 'batch_size': 256, 'device': device(type='cuda', index=0), 'seed': 123}",2.389836072921753
33,citras-fm,autogluon/fev_datasets,solar_1D,28,10,-280,28,1,,1,SQL,"['MASE', {'name': 'WAPE', 'epsilon': 1.0}, {'name': 'WQL', 'epsilon': 1.0}]","[0.1, 0.2, 0.3, 0.4, 0.5, 0.6, 0.7, 0.8, 0.9]",id,timestamp,target,,[],[],[],solar_1D,0.6180743085622447,,2.245431779883802,4a9fb28f2a62f798,FALSE,0.6.1,0.6180743085622447,0.7979409654461861,0.24968608915805818,0.19296426705513098,"{'context_length': 1032, 'model_name': 'citras-fm', 'batch_size': 256, 'device': device(type='cuda', index=0), 'seed': 123}",0.8754730224609375
34,citras-fm,autogluon/fev_datasets,solar_1W,13,1,-13,13,1,,1,SQL,"['MASE', {'name': 'WAPE', 'epsilon': 1.0}, {'name': 'WQL', 'epsilon': 1.0}]","[0.1, 0.2, 0.3, 0.4, 0.5, 0.6, 0.7, 0.8, 0.9]",id,timestamp,target,,[],[],[],solar_1W,0.7992271458021346,,0.10680442105513066,856de5fa702db186,FALSE,0.6.1,0.7992271458021346,1.048751731592873,0.17763689160346985,0.13488321856681293,"{'context_length': 1032, 'model_name': 'citras-fm', 'batch_size': 256, 'device': device(type='cuda', index=0), 'seed': 123}",0.02001214
35,citras-fm,autogluon/fev_datasets,kdd_cup_2022_10T,288,10,-2880,288,1,,144,SQL,"['MASE', {'name': 'WAPE', 'epsilon': 1.0}, {'name': 'WQL', 'epsilon': 1.0}]","[0.1, 0.2, 0.3, 0.4, 0.5, 0.6, 0.7, 0.8, 0.9]",id,timestamp,Patv,,[],"['Etmp', 'Itmp', 'Ndir', 'Pab1', 'Pab2', 'Pab3', 'Prtv', 'Wdir', 'Wspd']",[],kdd_cup_2022_10T,0.5072560735586973,,121.9750389578985,571bae673e4dccdd,FALSE,0.6.1,0.5072560735586973,0.5713040225275269,1.9840271651744843,1.752141317044975,"{'context_length': 1032, 'model_name': 'citras-fm', 'batch_size': 256, 'device': device(type='cuda', index=0), 'seed': 123}",109.98154163360596
36,citras-fm,autogluon/fev_datasets,kdd_cup_2022_30T,96,10,-960,96,1,,48,SQL,"['MASE', {'name': 'WAPE', 'epsilon': 1.0}, {'name': 'WQL', 'epsilon': 1.0}]","[0.1, 0.2, 0.3, 0.4, 0.5, 0.6, 0.7, 0.8, 0.9]",id,timestamp,Patv,,[],"['Etmp', 'Itmp', 'Ndir', 'Pab1', 'Pab2', 'Pab3', 'Prtv', 'Wdir', 'Wspd']",[],kdd_cup_2022_30T,0.46717241812054383,,36.35271082294639,bf18bd35bb0df915,FALSE,0.6.1,0.46717241812054383,0.550936038,1.7914692997932433,1.4778116236967533,"{'context_length': 1032, 'model_name': 'citras-fm', 'batch_size': 256, 'device': device(type='cuda', index=0), 'seed': 123}",30.740063905715942
37,citras-fm,autogluon/fev_datasets,kdd_cup_2022_1D,14,10,-140,14,1,,1,SQL,"['MASE', {'name': 'WAPE', 'epsilon': 1.0}, {'name': 'WQL', 'epsilon': 1.0}]","[0.1, 0.2, 0.3, 0.4, 0.5, 0.6, 0.7, 0.8, 0.9]",id,timestamp,Patv,,[],"['Etmp', 'Itmp', 'Ndir', 'Pab1', 'Pab2', 'Pab3', 'Prtv', 'Wdir', 'Wspd']",[],kdd_cup_2022_1D,0.6969207770706304,,2.9488365639699623,739c6625d30e6169,FALSE,0.6.1,0.6969207770706304,0.8923438953288951,0.7096802026033402,0.5525175952572586,"{'context_length': 1032, 'model_name': 'citras-fm', 'batch_size': 256, 'device': device(type='cuda', index=0), 'seed': 123}",0.45592665672302246
38,citras-fm,autogluon/fev_datasets,uci_air_quality_1H,168,20,-3360,168,1,,24,SQL,"['MASE', {'name': 'WAPE', 'epsilon': 1.0}, {'name': 'WQL', 'epsilon': 1.0}]","[0.1, 0.2, 0.3, 0.4, 0.5, 0.6, 0.7, 0.8, 0.9]",id,timestamp,"['C6H6(GT)', 'CO(GT)', 'NO2(GT)', 'NOx(GT)']",,"['AH', 'RH', 'T']",[],[],uci_air_quality_1H,0.8958953707721836,,11.650130507652648,031d3ed27aba2c43,FALSE,0.6.1,0.8958953707721836,1.1042702990261468,0.35953108593821526,0.2903159221963923,"{'context_length': 1032, 'model_name': 'citras-fm', 'batch_size': 256, 'device': device(type='cuda', index=0), 'seed': 123}",11.514668226242065
39,citras-fm,autogluon/fev_datasets,uci_air_quality_1D,28,11,-308,28,1,,7,SQL,"['MASE', {'name': 'WAPE', 'epsilon': 1.0}, {'name': 'WQL', 'epsilon': 1.0}]","[0.1, 0.2, 0.3, 0.4, 0.5, 0.6, 0.7, 0.8, 0.9]",id,timestamp,"['C6H6(GT)', 'CO(GT)', 'NO2(GT)', 'NOx(GT)']",,"['AH', 'RH', 'T']",[],[],uci_air_quality_1D,1.1394331417729533,,1.0294997200835496,2ef57ff0fd03a862,FALSE,0.6.1,1.1394331417729533,1.4415749355375813,0.2934952405366031,0.23101933602173128,"{'context_length': 1032, 'model_name': 'citras-fm', 'batch_size': 256, 'device': device(type='cuda', index=0), 'seed': 123}",0.9837210178375244
40,citras-fm,autogluon/fev_datasets,LOOP_SEATTLE_5T,288,10,-2880,288,1,,288,SQL,"['MASE', {'name': 'WAPE', 'epsilon': 1.0}, {'name': 'WQL', 'epsilon': 1.0}]","[0.1, 0.2, 0.3, 0.4, 0.5, 0.6, 0.7, 0.8, 0.9]",id,timestamp,target,,[],[],[],LOOP_SEATTLE_5T,0.7965910787874071,,100.6863251972245,c2739a4b195beef3,FALSE,0.6.1,0.7965910787874071,0.8852135969472826,0.097470926,0.087859362,"{'context_length': 1032, 'model_name': 'citras-fm', 'batch_size': 256, 'device': device(type='cuda', index=0), 'seed': 123}",42.68629002571106
41,citras-fm,autogluon/fev_datasets,LOOP_SEATTLE_1D,28,10,-280,28,1,,7,SQL,"['MASE', {'name': 'WAPE', 'epsilon': 1.0}, {'name': 'WQL', 'epsilon': 1.0}]","[0.1, 0.2, 0.3, 0.4, 0.5, 0.6, 0.7, 0.8, 0.9]",id,timestamp,target,,[],[],[],LOOP_SEATTLE_1D,0.8024142881458447,,4.393196435878053,02d7b9f04d1c3187,FALSE,0.6.1,0.8024142881458447,0.9874560313769576,0.037326343543827536,0.030270120929048266,"{'context_length': 1032, 'model_name': 'citras-fm', 'batch_size': 256, 'device': device(type='cuda', index=0), 'seed': 123}",1.6630046367645264
42,citras-fm,autogluon/fev_datasets,LOOP_SEATTLE_1H,168,10,-1680,168,1,,24,SQL,"['MASE', {'name': 'WAPE', 'epsilon': 1.0}, {'name': 'WQL', 'epsilon': 1.0}]","[0.1, 0.2, 0.3, 0.4, 0.5, 0.6, 0.7, 0.8, 0.9]",id,timestamp,target,,[],[],[],LOOP_SEATTLE_1H,0.7009974940064555,,30.895596918766387,08811ee17f93df42,FALSE,0.6.1,0.7009974940064555,0.8482035667358524,0.072775726,0.060038525,"{'context_length': 1032, 'model_name': 'citras-fm', 'batch_size': 256, 'device': device(type='cuda', index=0), 'seed': 123}",23.670578718185425
43,citras-fm,autogluon/fev_datasets,M_DENSE_1D,28,10,-280,28,1,,7,SQL,"['MASE', {'name': 'WAPE', 'epsilon': 1.0}, {'name': 'WQL', 'epsilon': 1.0}]","[0.1, 0.2, 0.3, 0.4, 0.5, 0.6, 0.7, 0.8, 0.9]",id,timestamp,target,,[],[],[],M_DENSE_1D,0.737321316,,1.6506222320022061,12417cabd3e820d7,FALSE,0.6.1,0.737321316,0.8987780479853281,0.094621335,0.078658646,"{'context_length': 1032, 'model_name': 'citras-fm', 'batch_size': 256, 'device': device(type='cuda', index=0), 'seed': 123}",1.2514832019805908
44,citras-fm,autogluon/fev_datasets,M_DENSE_1H,168,10,-1680,168,1,,24,SQL,"['MASE', {'name': 'WAPE', 'epsilon': 1.0}, {'name': 'WQL', 'epsilon': 1.0}]","[0.1, 0.2, 0.3, 0.4, 0.5, 0.6, 0.7, 0.8, 0.9]",id,timestamp,target,,[],[],[],M_DENSE_1H,0.6154460580613851,,6.868650892982259,e973593b94c21fa6,FALSE,0.6.1,0.6154460580613851,0.7317594063334079,0.14914914816617966,0.1251987350445681,"{'context_length': 1032, 'model_name': 'citras-fm', 'batch_size': 256, 'device': device(type='cuda', index=0), 'seed': 123}",5.6537299156188965
45,citras-fm,autogluon/fev_datasets,SZ_TAXI_15T,96,10,-960,96,1,,96,SQL,"['MASE', {'name': 'WAPE', 'epsilon': 1.0}, {'name': 'WQL', 'epsilon': 1.0}]","[0.1, 0.2, 0.3, 0.4, 0.5, 0.6, 0.7, 0.8, 0.9]",id,timestamp,target,,[],[],[],SZ_TAXI_15T,0.40831166064345126,,8.188832249841653,3e6f0d3380ac07cc,FALSE,0.6.1,0.40831166064345126,0.5101628294679348,0.24415834248065948,0.19528711468084603,"{'context_length': 1032, 'model_name': 'citras-fm', 'batch_size': 256, 'device': device(type='cuda', index=0), 'seed': 123}",6.079956293106079
46,citras-fm,autogluon/fev_datasets,SZ_TAXI_1H,168,2,-336,168,1,,24,SQL,"['MASE', {'name': 'WAPE', 'epsilon': 1.0}, {'name': 'WQL', 'epsilon': 1.0}]","[0.1, 0.2, 0.3, 0.4, 0.5, 0.6, 0.7, 0.8, 0.9]",id,timestamp,target,,[],[],[],SZ_TAXI_1H,0.41960612284829235,,1.6817012750543654,7c28d9c08a8a99d2,FALSE,0.6.1,0.41960612284829235,0.5196991340357957,0.17600677907466888,0.1420842058727177,"{'context_length': 1032, 'model_name': 'citras-fm', 'batch_size': 256, 'device': device(type='cuda', index=0), 'seed': 123}",1.372352123260498
47,citras-fm,autogluon/fev_datasets,redset_5T,288,10,-2880,288,1,,288,SQL,"['MASE', {'name': 'WAPE', 'epsilon': 1.0}, {'name': 'WQL', 'epsilon': 1.0}]","[0.1, 0.2, 0.3, 0.4, 0.5, 0.6, 0.7, 0.8, 0.9]",id,timestamp,target,,[],[],['subset'],redset_5T,0.9566112837688104,,22.86480757407844,4776bd88b54d8a04,FALSE,0.6.1,0.9566112837688104,1.097175598792338,0.4319086492061615,0.36411071142664375,"{'context_length': 1032, 'model_name': 'citras-fm', 'batch_size': 256, 'device': device(type='cuda', index=0), 'seed': 123}",17.28869057
48,citras-fm,autogluon/fev_datasets,redset_15T,96,10,-960,96,1,,96,SQL,"['MASE', {'name': 'WAPE', 'epsilon': 1.0}, {'name': 'WQL', 'epsilon': 1.0}]","[0.1, 0.2, 0.3, 0.4, 0.5, 0.6, 0.7, 0.8, 0.9]",id,timestamp,target,,[],[],['subset'],redset_15T,1.720533763055815,,8.263825207250193,391e616eee276356,FALSE,0.6.1,1.720533763055815,2.201525870953457,0.3037231624126434,0.24640487105509865,"{'context_length': 1032, 'model_name': 'citras-fm', 'batch_size': 256, 'device': device(type='cuda', index=0), 'seed': 123}",5.4958789348602295
49,citras-fm,autogluon/fev_datasets,redset_1H,24,10,-240,24,1,,24,SQL,"['MASE', {'name': 'WAPE', 'epsilon': 1.0}, {'name': 'WQL', 'epsilon': 1.0}]","[0.1, 0.2, 0.3, 0.4, 0.5, 0.6, 0.7, 0.8, 0.9]",id,timestamp,target,,[],[],['subset'],redset_1H,1.4977751087573634,,2.7139014817075804,a7542f5bcc8cf4ab,FALSE,0.6.1,1.4977751087573634,1.6420404571110017,0.23642583936452866,0.2002164812414735,"{'context_length': 1032, 'model_name': 'citras-fm', 'batch_size': 256, 'device': device(type='cuda', index=0), 'seed': 123}",0.7016472816467285
50,citras-fm,autogluon/fev_datasets,hospital_admissions_1D,28,20,-560,28,1,,7,SQL,"['MASE', {'name': 'WAPE', 'epsilon': 1.0}, {'name': 'WQL', 'epsilon': 1.0}]","[0.1, 0.2, 0.3, 0.4, 0.5, 0.6, 0.7, 0.8, 0.9]",id,timestamp,target,,[],[],[],hospital_admissions_1D,0.5562855857009278,,2.9791196756996214,88f43f9f6a96b4f3,FALSE,0.6.1,0.5562855857009278,0.7184963063123074,0.5330127388238907,0.41263853626044533,"{'context_length': 1032, 'model_name': 'citras-fm', 'batch_size': 256, 'device': device(type='cuda', index=0), 'seed': 123}",2.7501845359802246
51,citras-fm,autogluon/fev_datasets,hospital_admissions_1W,13,16,-208,13,1,,1,SQL,"['MASE', {'name': 'WAPE', 'epsilon': 1.0}, {'name': 'WQL', 'epsilon': 1.0}]","[0.1, 0.2, 0.3, 0.4, 0.5, 0.6, 0.7, 0.8, 0.9]",id,timestamp,target,,[],[],[],hospital_admissions_1W,0.5825863429866256,,0.6509966658195481,70ba34804e0de04d,FALSE,0.6.1,0.5825863429866256,0.7579432873187183,0.21338308975100517,0.16404753638420894,"{'context_length': 1032, 'model_name': 'citras-fm', 'batch_size': 256, 'device': device(type='cuda', index=0), 'seed': 123}",0.5045561790466309
52,citras-fm,autogluon/fev_datasets,ETT_1W,13,5,-65,13,1,,1,SQL,"['MASE', {'name': 'WAPE', 'epsilon': 1.0}, {'name': 'WQL', 'epsilon': 1.0}]","[0.1, 0.2, 0.3, 0.4, 0.5, 0.6, 0.7, 0.8, 0.9]",id,timestamp,"['HUFL', 'HULL', 'LUFL', 'LULL', 'MUFL', 'MULL', 'OT']",,[],[],[],ETT_1W,2.266260128887646,,0.15112906403373927,f285b410fbbb9427,FALSE,0.6.1,2.266260128887646,2.6155736173713438,0.4702526360750198,0.3800696590547889,"{'context_length': 1032, 'model_name': 'citras-fm', 'batch_size': 256, 'device': device(type='cuda', index=0), 'seed': 123}",0.12888407707214355
53,citras-fm,autogluon/fev_datasets,ETT_1D,28,20,-560,28,1,,7,SQL,"['MASE', {'name': 'WAPE', 'epsilon': 1.0}, {'name': 'WQL', 'epsilon': 1.0}]","[0.1, 0.2, 0.3, 0.4, 0.5, 0.6, 0.7, 0.8, 0.9]",id,timestamp,"['HUFL', 'HULL', 'LUFL', 'LULL', 'MUFL', 'MULL', 'OT']",,[],[],[],ETT_1D,1.1185109786727652,,1.8934888883959502,087e55aa2b87745b,FALSE,0.6.1,1.1185109786727652,1.3468648594200343,0.3341167665485825,0.26979278741765345,"{'context_length': 1032, 'model_name': 'citras-fm', 'batch_size': 256, 'device': device(type='cuda', index=0), 'seed': 123}",1.7798125743865967
54,citras-fm,autogluon/fev_datasets,ETT_1H,168,20,-3360,168,1,,24,SQL,"['MASE', {'name': 'WAPE', 'epsilon': 1.0}, {'name': 'WQL', 'epsilon': 1.0}]","[0.1, 0.2, 0.3, 0.4, 0.5, 0.6, 0.7, 0.8, 0.9]",id,timestamp,"['HUFL', 'HULL', 'LUFL', 'LULL', 'MUFL', 'MULL', 'OT']",,[],[],[],ETT_1H,0.9349378235923262,,10.667285405797884,305bfc1cf6779b47,FALSE,0.6.1,0.9349378235923262,1.122282569347694,0.24551851637661457,0.20300899831349736,"{'context_length': 1032, 'model_name': 'citras-fm', 'batch_size': 256, 'device': device(type='cuda', index=0), 'seed': 123}",10.404828071594238
55,citras-fm,autogluon/fev_datasets,ETT_15T,96,20,-1920,96,1,,96,SQL,"['MASE', {'name': 'WAPE', 'epsilon': 1.0}, {'name': 'WQL', 'epsilon': 1.0}]","[0.1, 0.2, 0.3, 0.4, 0.5, 0.6, 0.7, 0.8, 0.9]",id,timestamp,"['HUFL', 'HULL', 'LUFL', 'LULL', 'MUFL', 'MULL', 'OT']",,[],[],[],ETT_15T,0.6030259425184072,,6.607690813951194,8cb2ab653e6a502b,FALSE,0.6.1,0.6030259425184072,0.7420629047825577,0.11967666447162628,0.097021875,"{'context_length': 1032, 'model_name': 'citras-fm', 'batch_size': 256, 'device': device(type='cuda', index=0), 'seed': 123}",5.880342960357666
56,citras-fm,autogluon/fev_datasets,hospital,12,4,-48,12,1,,12,SQL,"['MASE', {'name': 'WAPE', 'epsilon': 1.0}, {'name': 'WQL', 'epsilon': 1.0}]","[0.1, 0.2, 0.3, 0.4, 0.5, 0.6, 0.7, 0.8, 0.9]",id,timestamp,target,,[],[],[],hospital,0.6982329769400416,,2.189880078076385,9c6e8721c2eca10b,FALSE,0.6.1,0.6982329769400416,0.8910088390293787,0.093112975,0.073154992,"{'context_length': 1032, 'model_name': 'citras-fm', 'batch_size': 256, 'device': device(type='cuda', index=0), 'seed': 123}",0.24663901329040527
57,citras-fm,autogluon/fev_datasets,jena_weather_10T,144,20,-2880,144,1,,144,SQL,"['MASE', {'name': 'WAPE', 'epsilon': 1.0}, {'name': 'WQL', 'epsilon': 1.0}]","[0.1, 0.2, 0.3, 0.4, 0.5, 0.6, 0.7, 0.8, 0.9]",id,timestamp,"['target_0', 'target_1', 'target_10', 'target_11', 'target_12', 'target_13', 'target_14', 'target_15', 'target_16', 'target_17', 'target_18', 'target_19', 'target_2', 'target_20', 'target_3', 'target_4', 'target_5', 'target_6', 'target_7', 'target_8', 'target_9']",,[],[],[],jena_weather_10T,0.40948384532451804,,10.09147982019931,311a660faf591409,FALSE,0.6.1,0.40948384532451804,0.4741490244051219,0.29237038131181003,0.2598751866564842,"{'context_length': 1032, 'model_name': 'citras-fm', 'batch_size': 256, 'device': device(type='cuda', index=0), 'seed': 123}",9.686297416687012
58,citras-fm,autogluon/fev_datasets,jena_weather_1D,28,11,-308,28,1,,1,SQL,"['MASE', {'name': 'WAPE', 'epsilon': 1.0}, {'name': 'WQL', 'epsilon': 1.0}]","[0.1, 0.2, 0.3, 0.4, 0.5, 0.6, 0.7, 0.8, 0.9]",id,timestamp,"['target_0', 'target_1', 'target_10', 'target_11', 'target_12', 'target_13', 'target_14', 'target_15', 'target_16', 'target_17', 'target_18', 'target_19', 'target_2', 'target_20', 'target_3', 'target_4', 'target_5', 'target_6', 'target_7', 'target_8', 'target_9']",,[],[],[],jena_weather_1D,1.1195380958108503,,0.8334502998040989,81a9d748210aa612,FALSE,0.6.1,1.1195380958108503,1.4101012062726315,0.28226888844455106,0.2310045308327635,"{'context_length': 1032, 'model_name': 'citras-fm', 'batch_size': 256, 'device': device(type='cuda', index=0), 'seed': 123}",0.7980654239654541
59,citras-fm,autogluon/fev_datasets,jena_weather_1H,24,20,-480,24,1,,24,SQL,"['MASE', {'name': 'WAPE', 'epsilon': 1.0}, {'name': 'WQL', 'epsilon': 1.0}]","[0.1, 0.2, 0.3, 0.4, 0.5, 0.6, 0.7, 0.8, 0.9]",id,timestamp,"['target_0', 'target_1', 'target_10', 'target_11', 'target_12', 'target_13', 'target_14', 'target_15', 'target_16', 'target_17', 'target_18', 'target_19', 'target_2', 'target_20', 'target_3', 'target_4', 'target_5', 'target_6', 'target_7', 'target_8', 'target_9']",,[],[],[],jena_weather_1H,0.3454673091723851,,1.8857996298465878,8eb1d310607e8fee,FALSE,0.6.1,0.3454673091723851,0.4279208846492737,0.260542159,0.2213662473568811,"{'context_length': 1032, 'model_name': 'citras-fm', 'batch_size': 256, 'device': device(type='cuda', index=0), 'seed': 123}",1.7451353073120117
60,citras-fm,autogluon/fev_datasets,bizitobs_l2c_1H,24,20,-480,24,1,,24,SQL,"['MASE', {'name': 'WAPE', 'epsilon': 1.0}, {'name': 'WQL', 'epsilon': 1.0}]","[0.1, 0.2, 0.3, 0.4, 0.5, 0.6, 0.7, 0.8, 0.9]",id,timestamp,"['target_0', 'target_1', 'target_2', 'target_3', 'target_4', 'target_5', 'target_6']",,[],[],[],bizitobs_l2c_1H,0.34757698701857065,,1.560413593892008,fd3fb3349ee15a22,FALSE,0.6.1,0.34757698701857065,0.4455885693617856,0.3792306074689674,0.3064375358196253,"{'context_length': 1032, 'model_name': 'citras-fm', 'batch_size': 256, 'device': device(type='cuda', index=0), 'seed': 123}",1.4868817329406738
61,citras-fm,autogluon/fev_datasets,bizitobs_l2c_5T,288,20,-5760,288,1,,288,SQL,"['MASE', {'name': 'WAPE', 'epsilon': 1.0}, {'name': 'WQL', 'epsilon': 1.0}]","[0.1, 0.2, 0.3, 0.4, 0.5, 0.6, 0.7, 0.8, 0.9]",id,timestamp,"['target_0', 'target_1', 'target_2', 'target_3', 'target_4', 'target_5', 'target_6']",,[],[],[],bizitobs_l2c_5T,0.7512701613401948,,20.75637871422805,9cb515b57514a9ab,FALSE,0.6.1,0.7512701613401948,0.7893047890159931,1.377472644971983,1.3284335511794025,"{'context_length': 1032, 'model_name': 'citras-fm', 'batch_size': 256, 'device': device(type='cuda', index=0), 'seed': 123}",20.557751655578613
62,citras-fm,autogluon/fev_datasets,australian_tourism,8,2,-16,8,1,,4,SQL,"['MASE', {'name': 'WAPE', 'epsilon': 1.0}, {'name': 'WQL', 'epsilon': 1.0}]","[0.1, 0.2, 0.3, 0.4, 0.5, 0.6, 0.7, 0.8, 0.9]",id,timestamp,target,,[],[],[],australian_tourism,0.7784579633069741,,0.15882289607543498,e3e704ef830bb1f4,FALSE,0.6.1,0.7784579633069741,0.9774632244815713,0.10655694454908371,0.084948436,"{'context_length': 1032, 'model_name': 'citras-fm', 'batch_size': 256, 'device': device(type='cuda', index=0), 'seed': 123}",0.040382385
63,citras-fm,autogluon/fev_datasets,world_tourism,5,2,-10,5,1,,1,SQL,"['MASE', {'name': 'WAPE', 'epsilon': 1.0}, {'name': 'WQL', 'epsilon': 1.0}]","[0.1, 0.2, 0.3, 0.4, 0.5, 0.6, 0.7, 0.8, 0.9]",id,timestamp,target,,[],[],[],world_tourism,3.6637446769948356,,0.28259940003044903,0dbaf8acdb03871f,FALSE,0.6.1,3.6637446769948356,4.430948140991997,0.139057957,0.11020908854003075,"{'context_length': 1032, 'model_name': 'citras-fm', 'batch_size': 256, 'device': device(type='cuda', index=0), 'seed': 123}",0.040601491928100586
64,citras-fm,autogluon/fev_datasets,world_co2_emissions,5,9,-45,5,1,,1,SQL,"['MASE', {'name': 'WAPE', 'epsilon': 1.0}, {'name': 'WQL', 'epsilon': 1.0}]","[0.1, 0.2, 0.3, 0.4, 0.5, 0.6, 0.7, 0.8, 0.9]",id,timestamp,target,,[],[],[],world_co2_emissions,2.930581174007193,,1.5492440689122304,e202df7b6b66eec1,FALSE,0.6.1,2.930581174007193,3.594420841873509,0.092970032,0.073956351,"{'context_length': 1032, 'model_name': 'citras-fm', 'batch_size': 256, 'device': device(type='cuda', index=0), 'seed': 123}",0.21155524253845215
65,citras-fm,autogluon/fev_datasets,world_life_expectancy,5,10,-50,5,1,,1,SQL,"['MASE', {'name': 'WAPE', 'epsilon': 1.0}, {'name': 'WQL', 'epsilon': 1.0}]","[0.1, 0.2, 0.3, 0.4, 0.5, 0.6, 0.7, 0.8, 0.9]",id,timestamp,target,,[],[],[],world_life_expectancy,1.2086439902034267,,1.8504733518930152,fa80fb81a8121b97,FALSE,0.6.1,1.2086439902034267,1.4721758836872483,0.012058603,0.009926481,"{'context_length': 1032, 'model_name': 'citras-fm', 'batch_size': 256, 'device': device(type='cuda', index=0), 'seed': 123}",0.24219679832458496
66,citras-fm,autogluon/fev_datasets,ercot_1H,168,20,-3360,168,1,,24,SQL,"['MASE', {'name': 'WAPE', 'epsilon': 1.0}, {'name': 'WQL', 'epsilon': 1.0}]","[0.1, 0.2, 0.3, 0.4, 0.5, 0.6, 0.7, 0.8, 0.9]",id,timestamp,target,,[],[],[],ercot_1H,1.154251945198992,,13.186796552268788,ea7c064764004599,FALSE,0.6.1,1.154251945198992,1.4056431032159344,0.072596434,0.059354461902915934,"{'context_length': 1032, 'model_name': 'citras-fm', 'batch_size': 256, 'device': device(type='cuda', index=0), 'seed': 123}",9.073882341384888
67,citras-fm,autogluon/fev_datasets,ercot_1D,28,20,-560,28,1,,7,SQL,"['MASE', {'name': 'WAPE', 'epsilon': 1.0}, {'name': 'WQL', 'epsilon': 1.0}]","[0.1, 0.2, 0.3, 0.4, 0.5, 0.6, 0.7, 0.8, 0.9]",id,timestamp,target,,[],[],[],ercot_1D,0.8740599465929856,,3.987294635968283,2d6981ffddeb4d36,FALSE,0.6.1,0.8740599465929856,1.1363258605604731,0.07988606,0.062049638,"{'context_length': 1032, 'model_name': 'citras-fm', 'batch_size': 256, 'device': device(type='cuda', index=0), 'seed': 123}",3.498418092727661
68,citras-fm,autogluon/fev_datasets,ercot_1W,13,20,-260,13,1,,1,SQL,"['MASE', {'name': 'WAPE', 'epsilon': 1.0}, {'name': 'WQL', 'epsilon': 1.0}]","[0.1, 0.2, 0.3, 0.4, 0.5, 0.6, 0.7, 0.8, 0.9]",id,timestamp,target,,[],[],[],ercot_1W,0.964995962,,1.7597583549795672,17d56f9cde303936,FALSE,0.6.1,0.964995962,1.2382095816675656,0.060349315963685514,0.047069607080242604,"{'context_length': 1032, 'model_name': 'citras-fm', 'batch_size': 256, 'device': device(type='cuda', index=0), 'seed': 123}",1.583068848
69,citras-fm,autogluon/fev_datasets,ercot_1M,12,15,-180,12,1,,12,SQL,"['MASE', {'name': 'WAPE', 'epsilon': 1.0}, {'name': 'WQL', 'epsilon': 1.0}]","[0.1, 0.2, 0.3, 0.4, 0.5, 0.6, 0.7, 0.8, 0.9]",id,timestamp,target,,[],[],[],ercot_1M,0.7720353293321686,,0.465781259,3b442c044564a810,FALSE,0.6.1,0.7720353293321686,0.9784896632637966,0.048323109,0.038116942,"{'context_length': 1032, 'model_name': 'citras-fm', 'batch_size': 256, 'device': device(type='cuda', index=0), 'seed': 123}",0.36440587043762207
70,citras-fm,autogluon/fev_datasets,uk_covid_utla_1D,28,10,-280,28,1,,7,SQL,"['MASE', {'name': 'WAPE', 'epsilon': 1.0}, {'name': 'WQL', 'epsilon': 1.0}]","[0.1, 0.2, 0.3, 0.4, 0.5, 0.6, 0.7, 0.8, 0.9]",id,timestamp,new_cases,,[],[],[],uk_covid_utla_1D/new,3.704197614569393,,4.215994892059825,2f859aada4961893,FALSE,0.6.1,3.704197614569393,4.368957389070813,0.43746785819530487,0.367367574,"{'context_length': 1032, 'model_name': 'citras-fm', 'batch_size': 256, 'device': device(type='cuda', index=0), 'seed': 123}",2.029691457748413
71,citras-fm,autogluon/fev_datasets,uk_covid_utla_1W,13,5,-65,13,1,,1,SQL,"['MASE', {'name': 'WAPE', 'epsilon': 1.0}, {'name': 'WQL', 'epsilon': 1.0}]","[0.1, 0.2, 0.3, 0.4, 0.5, 0.6, 0.7, 0.8, 0.9]",id,timestamp,cumulative_cases,,[],[],[],uk_covid_utla_1W/cumulative,17.781583664506286,,0.8762143240310252,35d7c01fd444e4fd,FALSE,0.6.1,17.781583664506286,20.191809288015598,0.19831848815083503,0.17384095283283435,"{'context_length': 1032, 'model_name': 'citras-fm', 'batch_size': 256, 'device': device(type='cuda', index=0), 'seed': 123}",0.12236237525939941
72,citras-fm,autogluon/fev_datasets,uk_covid_nation_1D,28,20,-560,28,1,,7,SQL,"['MASE', {'name': 'WAPE', 'epsilon': 1.0}, {'name': 'WQL', 'epsilon': 1.0}]","[0.1, 0.2, 0.3, 0.4, 0.5, 0.6, 0.7, 0.8, 0.9]",id,timestamp,"['new_admissions', 'new_cases', 'new_deaths']",,[],"['hospital_cases', 'icu_ventilator_occupancy', 'new_vaccinated_1', 'new_vaccinated_2', 'new_vaccinated_3']",[],uk_covid_nation_1D/new,1.9239699900299159,,2.6629617639118806,dae0212e3fa73904,FALSE,0.6.1,1.9239699900299159,2.277989097323168,0.3490070909261703,0.2837532336695395,"{'context_length': 1032, 'model_name': 'citras-fm', 'batch_size': 256, 'device': device(type='cuda', index=0), 'seed': 123}",2.3830084800720215
73,citras-fm,autogluon/fev_datasets,uk_covid_nation_1D,28,20,-560,28,1,,1,SQL,"['MASE', {'name': 'WAPE', 'epsilon': 1.0}, {'name': 'WQL', 'epsilon': 1.0}]","[0.1, 0.2, 0.3, 0.4, 0.5, 0.6, 0.7, 0.8, 0.9]",id,timestamp,"['cumulative_admissions', 'cumulative_cases', 'cumulative_deaths']",,[],"['cumulative_vaccinated_1', 'cumulative_vaccinated_2', 'cumulative_vaccinated_3', 'hospital_cases', 'icu_ventilator_occupancy']",[],uk_covid_nation_1D/cumulative,6.871722176687152,,2.798106467933394,dae0212e3fa73904,FALSE,0.6.1,6.871722176687152,8.476451893473882,0.018591689609456806,0.015241142942138252,"{'context_length': 1032, 'model_name': 'citras-fm', 'batch_size': 256, 'device': device(type='cuda', index=0), 'seed': 123}",2.552029848098755
74,citras-fm,autogluon/fev_datasets,uk_covid_nation_1W,8,4,-32,8,1,,1,SQL,"['MASE', {'name': 'WAPE', 'epsilon': 1.0}, {'name': 'WQL', 'epsilon': 1.0}]","[0.1, 0.2, 0.3, 0.4, 0.5, 0.6, 0.7, 0.8, 0.9]",id,timestamp,"['new_admissions', 'new_cases', 'new_deaths']",,[],"['hospital_cases', 'icu_ventilator_occupancy', 'new_vaccinated_1', 'new_vaccinated_2', 'new_vaccinated_3']",[],uk_covid_nation_1W/new,5.7056268800246706,,0.15726420911960304,c1544674699f895d,FALSE,0.6.1,5.7056268800246706,6.919794364852346,0.7646058276295662,0.5738152405444851,"{'context_length': 1032, 'model_name': 'citras-fm', 'batch_size': 256, 'device': device(type='cuda', index=0), 'seed': 123}",0.11334013938903809
75,citras-fm,autogluon/fev_datasets,uk_covid_nation_1W,8,4,-32,8,1,,1,SQL,"['MASE', {'name': 'WAPE', 'epsilon': 1.0}, {'name': 'WQL', 'epsilon': 1.0}]","[0.1, 0.2, 0.3, 0.4, 0.5, 0.6, 0.7, 0.8, 0.9]",id,timestamp,"['cumulative_admissions', 'cumulative_cases', 'cumulative_deaths']",,[],"['cumulative_vaccinated_1', 'cumulative_vaccinated_2', 'cumulative_vaccinated_3', 'hospital_cases', 'icu_ventilator_occupancy']",[],uk_covid_nation_1W/cumulative,2.6865375474662505,,0.16213546216022223,c1544674699f895d,FALSE,0.6.1,2.6865375474662505,3.244293502615718,0.029760145116597414,0.025752989,"{'context_length': 1032, 'model_name': 'citras-fm', 'batch_size': 256, 'device': device(type='cuda', index=0), 'seed': 123}",0.11956334114074707
76,citras-fm,autogluon/fev_datasets,ecdc_ili,13,10,-130,13,1,,1,SQL,"['MASE', {'name': 'WAPE', 'epsilon': 1.0}, {'name': 'WQL', 'epsilon': 1.0}]","[0.1, 0.2, 0.3, 0.4, 0.5, 0.6, 0.7, 0.8, 0.9]",id,timestamp,target,,[],[],[],ecdc_ili,2.442968814736758,,0.45296173298265785,c812e2dbfb11b987,FALSE,0.6.1,2.442968814736758,2.876180453780843,0.42577850818634033,0.35958583410338796,"{'context_length': 1032, 'model_name': 'citras-fm', 'batch_size': 256, 'device': device(type='cuda', index=0), 'seed': 123}",0.2640037536621094
77,citras-fm,autogluon/fev_datasets,boomlet_1062,288,20,-5760,288,1,,288,SQL,"['MASE', {'name': 'WAPE', 'epsilon': 1.0}, {'name': 'WQL', 'epsilon': 1.0}]","[0.1, 0.2, 0.3, 0.4, 0.5, 0.6, 0.7, 0.8, 0.9]",id,timestamp,"['target_0', 'target_1', 'target_10', 'target_11', 'target_12', 'target_13', 'target_14', 'target_15', 'target_16', 'target_17', 'target_18', 'target_19', 'target_2', 'target_20', 'target_3', 'target_4', 'target_5', 'target_6', 'target_7', 'target_8', 'target_9']",,[],[],[],boomlet_1062,0.6172112691332907,,17.918864174745977,850914278ff7292f,FALSE,0.6.1,0.6172112691332907,0.7009528855934714,0.5957806474279055,0.5215730971016691,"{'context_length': 1032, 'model_name': 'citras-fm', 'batch_size': 256, 'device': device(type='cuda', index=0), 'seed': 123}",17.7401545
78,citras-fm,autogluon/fev_datasets,boomlet_1209,288,20,-5760,288,1,,288,SQL,"['MASE', {'name': 'WAPE', 'epsilon': 1.0}, {'name': 'WQL', 'epsilon': 1.0}]","[0.1, 0.2, 0.3, 0.4, 0.5, 0.6, 0.7, 0.8, 0.9]",id,timestamp,"['target_0', 'target_1', 'target_10', 'target_11', 'target_12', 'target_13', 'target_14', 'target_15', 'target_16', 'target_17', 'target_18', 'target_19', 'target_2', 'target_20', 'target_21', 'target_22', 'target_23', 'target_24', 'target_25', 'target_26', 'target_27', 'target_28', 'target_29', 'target_3', 'target_30', 'target_31', 'target_32', 'target_33', 'target_34', 'target_35', 'target_36', 'target_37', 'target_38', 'target_39', 'target_4', 'target_40', 'target_41', 'target_42', 'target_43', 'target_44', 'target_45', 'target_46', 'target_47', 'target_48', 'target_49', 'target_5', 'target_50', 'target_51', 'target_52', 'target_6', 'target_7', 'target_8', 'target_9']",,[],[],[],boomlet_1209,0.7546263655330743,,23.96572665811982,fc732419f4257b0c,FALSE,0.6.1,0.7546263655330743,0.8237688106540798,0.32690360296387466,0.29872291048196964,"{'context_length': 1032, 'model_name': 'citras-fm', 'batch_size': 256, 'device': device(type='cuda', index=0), 'seed': 123}",23.66648817062378
79,citras-fm,autogluon/fev_datasets,boomlet_1225,60,20,-1200,60,1,,1440,SQL,"['MASE', {'name': 'WAPE', 'epsilon': 1.0}, {'name': 'WQL', 'epsilon': 1.0}]","[0.1, 0.2, 0.3, 0.4, 0.5, 0.6, 0.7, 0.8, 0.9]",id,timestamp,"['target_0', 'target_1', 'target_10', 'target_11', 'target_12', 'target_13', 'target_14', 'target_15', 'target_16', 'target_17', 'target_18', 'target_19', 'target_2', 'target_20', 'target_21', 'target_22', 'target_23', 'target_24', 'target_25', 'target_26', 'target_27', 'target_28', 'target_29', 'target_3', 'target_30', 'target_31', 'target_32', 'target_33', 'target_34', 'target_35', 'target_36', 'target_37', 'target_38', 'target_39', 'target_4', 'target_40', 'target_41', 'target_42', 'target_43', 'target_44', 'target_45', 'target_46', 'target_47', 'target_48', 'target_5', 'target_6', 'target_7', 'target_8', 'target_9']",,[],[],[],boomlet_1225,0.19424436660201141,,6.066345155239105,e054f8c6bf020ac0,FALSE,0.6.1,0.19424436660201141,0.2409160148742846,0.12656600387405834,0.10227164250792409,"{'context_length': 1032, 'model_name': 'citras-fm', 'batch_size': 256, 'device': device(type='cuda', index=0), 'seed': 123}",5.796440124511719
80,citras-fm,autogluon/fev_datasets,boomlet_1230,288,20,-5760,288,1,,288,SQL,"['MASE', {'name': 'WAPE', 'epsilon': 1.0}, {'name': 'WQL', 'epsilon': 1.0}]","[0.1, 0.2, 0.3, 0.4, 0.5, 0.6, 0.7, 0.8, 0.9]",id,timestamp,"['target_0', 'target_1', 'target_10', 'target_11', 'target_12', 'target_13', 'target_14', 'target_15', 'target_16', 'target_17', 'target_18', 'target_19', 'target_2', 'target_20', 'target_21', 'target_22', 'target_3', 'target_4', 'target_5', 'target_6', 'target_7', 'target_8', 'target_9']",,[],[],[],boomlet_1230,1.2483559529874884,,18.284304147120565,c41ee8e342ded50d,FALSE,0.6.1,1.2483559529874884,1.3479829889439716,0.32146003429383124,0.2930098247119032,"{'context_length': 1032, 'model_name': 'citras-fm', 'batch_size': 256, 'device': device(type='cuda', index=0), 'seed': 123}",18.102302074432373
81,citras-fm,autogluon/fev_datasets,boomlet_1282,60,20,-1200,60,1,,1440,SQL,"['MASE', {'name': 'WAPE', 'epsilon': 1.0}, {'name': 'WQL', 'epsilon': 1.0}]","[0.1, 0.2, 0.3, 0.4, 0.5, 0.6, 0.7, 0.8, 0.9]",id,timestamp,"['target_0', 'target_1', 'target_10', 'target_11', 'target_12', 'target_13', 'target_14', 'target_15', 'target_16', 'target_17', 'target_18', 'target_19', 'target_2', 'target_20', 'target_21', 'target_22', 'target_23', 'target_24', 'target_25', 'target_26', 'target_27', 'target_28', 'target_29', 'target_3', 'target_30', 'target_31', 'target_32', 'target_33', 'target_34', 'target_4', 'target_5', 'target_6', 'target_7', 'target_8', 'target_9']",,[],[],[],boomlet_1282,0.431833325,,5.277163875289261,b18492522498bc96,FALSE,0.6.1,0.431833325,0.5230375222620778,0.3633551782203306,0.2972790308946546,"{'context_length': 1032, 'model_name': 'citras-fm', 'batch_size': 256, 'device': device(type='cuda', index=0), 'seed': 123}",5.054553031921387
82,citras-fm,autogluon/fev_datasets,boomlet_1487,288,20,-5760,288,1,,288,SQL,"['MASE', {'name': 'WAPE', 'epsilon': 1.0}, {'name': 'WQL', 'epsilon': 1.0}]","[0.1, 0.2, 0.3, 0.4, 0.5, 0.6, 0.7, 0.8, 0.9]",id,timestamp,"['target_0', 'target_1', 'target_10', 'target_11', 'target_12', 'target_13', 'target_14', 'target_15', 'target_16', 'target_17', 'target_18', 'target_19', 'target_2', 'target_20', 'target_21', 'target_22', 'target_23', 'target_24', 'target_25', 'target_26', 'target_27', 'target_28', 'target_29', 'target_3', 'target_30', 'target_31', 'target_32', 'target_33', 'target_34', 'target_35', 'target_36', 'target_37', 'target_38', 'target_39', 'target_4', 'target_40', 'target_41', 'target_42', 'target_43', 'target_44', 'target_45', 'target_46', 'target_47', 'target_48', 'target_49', 'target_5', 'target_50', 'target_51', 'target_52', 'target_53', 'target_6', 'target_7', 'target_8', 'target_9']",,[],[],[],boomlet_1487,0.47682623073119146,,26.291672901250422,6e70705aa0d5c9b6,FALSE,0.6.1,0.47682623073119146,0.5379139872189995,0.2118269638399835,0.18769231948569193,"{'context_length': 1032, 'model_name': 'citras-fm', 'batch_size': 256, 'device': device(type='cuda', index=0), 'seed': 123}",25.97817063331604
83,citras-fm,autogluon/fev_datasets,boomlet_1631,96,20,-1920,96,1,,48,SQL,"['MASE', {'name': 'WAPE', 'epsilon': 1.0}, {'name': 'WQL', 'epsilon': 1.0}]","[0.1, 0.2, 0.3, 0.4, 0.5, 0.6, 0.7, 0.8, 0.9]",id,timestamp,"['target_0', 'target_1', 'target_10', 'target_11', 'target_12', 'target_13', 'target_14', 'target_15', 'target_16', 'target_17', 'target_18', 'target_19', 'target_2', 'target_20', 'target_21', 'target_22', 'target_23', 'target_24', 'target_25', 'target_26', 'target_27', 'target_28', 'target_29', 'target_3', 'target_30', 'target_31', 'target_32', 'target_33', 'target_34', 'target_35', 'target_36', 'target_37', 'target_38', 'target_39', 'target_4', 'target_5', 'target_6', 'target_7', 'target_8', 'target_9']",,[],[],[],boomlet_1631,0.6148102500356808,,7.924347284366377,79eaf83557e2eeb4,FALSE,0.6.1,0.6148102500356808,0.7544764970836776,0.32696431479300375,0.2664987990773727,"{'context_length': 1032, 'model_name': 'citras-fm', 'batch_size': 256, 'device': device(type='cuda', index=0), 'seed': 123}",7.727860689163208
84,citras-fm,autogluon/fev_datasets,boomlet_1676,96,20,-1920,96,1,,48,SQL,"['MASE', {'name': 'WAPE', 'epsilon': 1.0}, {'name': 'WQL', 'epsilon': 1.0}]","[0.1, 0.2, 0.3, 0.4, 0.5, 0.6, 0.7, 0.8, 0.9]",id,timestamp,"['target_0', 'target_1', 'target_10', 'target_11', 'target_12', 'target_13', 'target_14', 'target_15', 'target_16', 'target_17', 'target_18', 'target_19', 'target_2', 'target_20', 'target_21', 'target_22', 'target_23', 'target_24', 'target_25', 'target_26', 'target_27', 'target_28', 'target_29', 'target_3', 'target_30', 'target_31', 'target_32', 'target_33', 'target_34', 'target_35', 'target_36', 'target_37', 'target_38', 'target_39', 'target_4', 'target_40', 'target_41', 'target_42', 'target_43', 'target_44', 'target_45', 'target_46', 'target_47', 'target_48', 'target_49', 'target_5', 'target_50', 'target_51', 'target_52', 'target_53', 'target_54', 'target_55', 'target_56', 'target_57', 'target_58', 'target_59', 'target_6', 'target_60', 'target_61', 'target_62', 'target_63', 'target_64', 'target_65', 'target_66', 'target_67', 'target_68', 'target_69', 'target_7', 'target_70', 'target_71', 'target_72', 'target_73', 'target_74', 'target_75', 'target_76', 'target_77', 'target_78', 'target_79', 'target_8', 'target_80', 'target_81', 'target_82', 'target_83', 'target_84', 'target_85', 'target_86', 'target_87', 'target_88', 'target_89', 'target_9', 'target_90', 'target_91', 'target_92', 'target_93', 'target_94', 'target_95', 'target_96', 'target_97', 'target_98', 'target_99']",,[],[],[],boomlet_1676,0.6077712476948691,,10.593003988848068,083dfc140fd4b463,FALSE,0.6.1,0.6077712476948691,0.7286748406082371,0.33755217359366363,0.2794884492228666,"{'context_length': 1032, 'model_name': 'citras-fm', 'batch_size': 256, 'device': device(type='cuda', index=0), 'seed': 123}",10.284129619598389
85,citras-fm,autogluon/fev_datasets,boomlet_1855,24,20,-480,24,1,,24,SQL,"['MASE', {'name': 'WAPE', 'epsilon': 1.0}, {'name': 'WQL', 'epsilon': 1.0}]","[0.1, 0.2, 0.3, 0.4, 0.5, 0.6, 0.7, 0.8, 0.9]",id,timestamp,"['target_0', 'target_1', 'target_10', 'target_11', 'target_12', 'target_13', 'target_14', 'target_15', 'target_16', 'target_17', 'target_18', 'target_19', 'target_2', 'target_20', 'target_21', 'target_22', 'target_23', 'target_24', 'target_25', 'target_26', 'target_27', 'target_28', 'target_29', 'target_3', 'target_30', 'target_31', 'target_32', 'target_33', 'target_34', 'target_35', 'target_36', 'target_37', 'target_38', 'target_39', 'target_4', 'target_40', 'target_41', 'target_42', 'target_43', 'target_44', 'target_45', 'target_46', 'target_47', 'target_48', 'target_49', 'target_5', 'target_50', 'target_51', 'target_6', 'target_7', 'target_8', 'target_9']",,[],[],[],boomlet_1855,0.4642095141544263,,1.8503095059422776,3b655e92786b24dc,FALSE,0.6.1,0.4642095141544263,0.5421797141841631,0.160893554,0.13832556257672304,"{'context_length': 1032, 'model_name': 'citras-fm', 'batch_size': 256, 'device': device(type='cuda', index=0), 'seed': 123}",1.6612334251403809
86,citras-fm,autogluon/fev_datasets,boomlet_1975,24,20,-480,24,1,,24,SQL,"['MASE', {'name': 'WAPE', 'epsilon': 1.0}, {'name': 'WQL', 'epsilon': 1.0}]","[0.1, 0.2, 0.3, 0.4, 0.5, 0.6, 0.7, 0.8, 0.9]",id,timestamp,"['target_0', 'target_1', 'target_10', 'target_11', 'target_12', 'target_13', 'target_14', 'target_15', 'target_16', 'target_17', 'target_18', 'target_19', 'target_2', 'target_20', 'target_21', 'target_22', 'target_23', 'target_24', 'target_25', 'target_26', 'target_27', 'target_28', 'target_29', 'target_3', 'target_30', 'target_31', 'target_32', 'target_33', 'target_34', 'target_35', 'target_36', 'target_37', 'target_38', 'target_39', 'target_4', 'target_40', 'target_41', 'target_42', 'target_43', 'target_44', 'target_45', 'target_46', 'target_47', 'target_48', 'target_49', 'target_5', 'target_50', 'target_51', 'target_52', 'target_53', 'target_54', 'target_55', 'target_56', 'target_57', 'target_58', 'target_59', 'target_6', 'target_60', 'target_61', 'target_62', 'target_63', 'target_64', 'target_65', 'target_66', 'target_67', 'target_68', 'target_69', 'target_7', 'target_70', 'target_71', 'target_72', 'target_73', 'target_74', 'target_8', 'target_9']",,[],[],[],boomlet_1975,0.16626825398008058,,1.782813860103488,6e1d9424c5ab2214,FALSE,0.6.1,0.16626825398008058,0.19713101055906837,0.10897552620693263,0.09152515,"{'context_length': 1032, 'model_name': 'citras-fm', 'batch_size': 256, 'device': device(type='cuda', index=0), 'seed': 123}",1.576282262802124
87,citras-fm,autogluon/fev_datasets,boomlet_2187,24,20,-480,24,1,,24,SQL,"['MASE', {'name': 'WAPE', 'epsilon': 1.0}, {'name': 'WQL', 'epsilon': 1.0}]","[0.1, 0.2, 0.3, 0.4, 0.5, 0.6, 0.7, 0.8, 0.9]",id,timestamp,"['target_0', 'target_1', 'target_10', 'target_11', 'target_12', 'target_13', 'target_14', 'target_15', 'target_16', 'target_17', 'target_18', 'target_19', 'target_2', 'target_20', 'target_21', 'target_22', 'target_23', 'target_24', 'target_25', 'target_26', 'target_27', 'target_28', 'target_29', 'target_3', 'target_30', 'target_31', 'target_32', 'target_33', 'target_34', 'target_35', 'target_36', 'target_37', 'target_38', 'target_39', 'target_4', 'target_40', 'target_41', 'target_42', 'target_43', 'target_44', 'target_45', 'target_46', 'target_47', 'target_48', 'target_49', 'target_5', 'target_50', 'target_51', 'target_52', 'target_53', 'target_54', 'target_55', 'target_56', 'target_57', 'target_58', 'target_59', 'target_6', 'target_60', 'target_61', 'target_62', 'target_63', 'target_64', 'target_65', 'target_66', 'target_67', 'target_68', 'target_69', 'target_7', 'target_70', 'target_71', 'target_72', 'target_73', 'target_74', 'target_75', 'target_76', 'target_77', 'target_78', 'target_79', 'target_8', 'target_80', 'target_81', 'target_82', 'target_83', 'target_84', 'target_85', 'target_86', 'target_87', 'target_88', 'target_89', 'target_9', 'target_90', 'target_91', 'target_92', 'target_93', 'target_94', 'target_95', 'target_96', 'target_97', 'target_98', 'target_99']",,[],[],[],boomlet_2187,0.7338828894349271,,1.8434591449331492,c858af6e090b65d2,FALSE,0.6.1,0.7338828894349271,0.8334454751823456,0.27410444881595325,0.23940835952460668,"{'context_length': 1032, 'model_name': 'citras-fm', 'batch_size': 256, 'device': device(type='cuda', index=0), 'seed': 123}",1.602618694
88,citras-fm,autogluon/fev_datasets,boomlet_285,60,20,-1200,60,1,,1440,SQL,"['MASE', {'name': 'WAPE', 'epsilon': 1.0}, {'name': 'WQL', 'epsilon': 1.0}]","[0.1, 0.2, 0.3, 0.4, 0.5, 0.6, 0.7, 0.8, 0.9]",id,timestamp,"['target_0', 'target_1', 'target_10', 'target_11', 'target_12', 'target_13', 'target_14', 'target_15', 'target_16', 'target_17', 'target_18', 'target_19', 'target_2', 'target_20', 'target_21', 'target_22', 'target_23', 'target_24', 'target_25', 'target_26', 'target_27', 'target_28', 'target_29', 'target_3', 'target_30', 'target_31', 'target_32', 'target_33', 'target_34', 'target_35', 'target_36', 'target_37', 'target_38', 'target_39', 'target_4', 'target_40', 'target_41', 'target_42', 'target_43', 'target_44', 'target_45', 'target_46', 'target_47', 'target_48', 'target_49', 'target_5', 'target_50', 'target_51', 'target_52', 'target_53', 'target_54', 'target_55', 'target_56', 'target_57', 'target_58', 'target_59', 'target_6', 'target_60', 'target_61', 'target_62', 'target_63', 'target_64', 'target_65', 'target_66', 'target_67', 'target_68', 'target_69', 'target_7', 'target_70', 'target_71', 'target_72', 'target_73', 'target_74', 'target_8', 'target_9']",,[],[],[],boomlet_285,0.37148063243390583,,7.150236031971872,51287a29c5959696,FALSE,0.6.1,0.37148063243390583,0.4177673457875075,0.1855866952254182,0.15505316142265269,"{'context_length': 1032, 'model_name': 'citras-fm', 'batch_size': 256, 'device': device(type='cuda', index=0), 'seed': 123}",6.819088935852051
89,citras-fm,autogluon/fev_datasets,boomlet_619,60,20,-1200,60,1,,1440,SQL,"['MASE', {'name': 'WAPE', 'epsilon': 1.0}, {'name': 'WQL', 'epsilon': 1.0}]","[0.1, 0.2, 0.3, 0.4, 0.5, 0.6, 0.7, 0.8, 0.9]",id,timestamp,"['target_0', 'target_1', 'target_10', 'target_11', 'target_12', 'target_13', 'target_14', 'target_15', 'target_16', 'target_17', 'target_18', 'target_19', 'target_2', 'target_20', 'target_21', 'target_22', 'target_23', 'target_24', 'target_25', 'target_26', 'target_27', 'target_28', 'target_29', 'target_3', 'target_30', 'target_31', 'target_32', 'target_33', 'target_34', 'target_35', 'target_36', 'target_37', 'target_38', 'target_39', 'target_4', 'target_40', 'target_41', 'target_42', 'target_43', 'target_44', 'target_45', 'target_46', 'target_47', 'target_48', 'target_49', 'target_5', 'target_50', 'target_51', 'target_6', 'target_7', 'target_8', 'target_9']",,[],[],[],boomlet_619,0.35567508247733093,,6.038888432784006,2d774f07b3096707,FALSE,0.6.1,0.35567508247733093,0.45580953946681413,0.32937588103545395,0.2591773047142831,"{'context_length': 1032, 'model_name': 'citras-fm', 'batch_size': 256, 'device': device(type='cuda', index=0), 'seed': 123}",5.780979395
90,citras-fm,autogluon/fev_datasets,boomlet_772,60,20,-1200,60,1,,1440,SQL,"['MASE', {'name': 'WAPE', 'epsilon': 1.0}, {'name': 'WQL', 'epsilon': 1.0}]","[0.1, 0.2, 0.3, 0.4, 0.5, 0.6, 0.7, 0.8, 0.9]",id,timestamp,"['target_0', 'target_1', 'target_10', 'target_11', 'target_12', 'target_13', 'target_14', 'target_15', 'target_16', 'target_17', 'target_18', 'target_19', 'target_2', 'target_20', 'target_21', 'target_22', 'target_23', 'target_24', 'target_25', 'target_26', 'target_27', 'target_28', 'target_29', 'target_3', 'target_30', 'target_31', 'target_32', 'target_33', 'target_34', 'target_35', 'target_36', 'target_37', 'target_38', 'target_39', 'target_4', 'target_40', 'target_41', 'target_42', 'target_43', 'target_44', 'target_45', 'target_46', 'target_47', 'target_48', 'target_49', 'target_5', 'target_50', 'target_51', 'target_52', 'target_53', 'target_54', 'target_55', 'target_56', 'target_57', 'target_58', 'target_59', 'target_6', 'target_60', 'target_61', 'target_62', 'target_63', 'target_64', 'target_65', 'target_66', 'target_7', 'target_8', 'target_9']",,[],[],[],boomlet_772,0.31412548226160436,,6.914290621061809,cf7b0f7fe86838d5,FALSE,0.6.1,0.31412548226160436,0.36275403995061506,0.1694926518253607,0.1443361895980726,"{'context_length': 1032, 'model_name': 'citras-fm', 'batch_size': 256, 'device': device(type='cuda', index=0), 'seed': 123}",6.614718675613403
91,citras-fm,autogluon/fev_datasets,boomlet_963,60,20,-1200,60,1,,1440,SQL,"['MASE', {'name': 'WAPE', 'epsilon': 1.0}, {'name': 'WQL', 'epsilon': 1.0}]","[0.1, 0.2, 0.3, 0.4, 0.5, 0.6, 0.7, 0.8, 0.9]",id,timestamp,"['target_0', 'target_1', 'target_10', 'target_11', 'target_12', 'target_13', 'target_14', 'target_15', 'target_16', 'target_17', 'target_18', 'target_19', 'target_2', 'target_20', 'target_21', 'target_22', 'target_23', 'target_24', 'target_25', 'target_26', 'target_27', 'target_3', 'target_4', 'target_5', 'target_6', 'target_7', 'target_8', 'target_9']",,[],[],[],boomlet_963,0.7489767548966648,,5.288935280404985,078a1fcb7a454b72,FALSE,0.6.1,0.7489767548966648,0.8596144098930136,0.4120574240423074,0.34226233961281616,"{'context_length': 1032, 'model_name': 'citras-fm', 'batch_size': 256, 'device': device(type='cuda', index=0), 'seed': 123}",5.081430196762085
92,citras-fm,autogluon/fev_datasets,fred_md_2025,12,20,-240,12,1,,1,SQL,"['MASE', {'name': 'WAPE', 'epsilon': 1.0}, {'name': 'WQL', 'epsilon': 1.0}]","[0.1, 0.2, 0.3, 0.4, 0.5, 0.6, 0.7, 0.8, 0.9]",id,timestamp,"['CPIAUCSL', 'FEDFUNDS', 'PAYEMS']",,[],"['M2REAL', 'NONBORRES', 'PPICMM', 'TOTRESNS']",[],fred_md_2025/cee,3.7427071252615747,,1.6710929548135027,764e9294023ee081,FALSE,0.6.1,3.7427071252615747,4.357870913848788,0.086363164,0.073665786,"{'context_length': 1032, 'model_name': 'citras-fm', 'batch_size': 256, 'device': device(type='cuda', index=0), 'seed': 123}",1.5774650573730469
93,citras-fm,autogluon/fev_datasets,fred_qd_2025,8,20,-160,8,1,,1,SQL,"['MASE', {'name': 'WAPE', 'epsilon': 1.0}, {'name': 'WQL', 'epsilon': 1.0}]","[0.1, 0.2, 0.3, 0.4, 0.5, 0.6, 0.7, 0.8, 0.9]",id,timestamp,"['CPIAUCSL', 'FEDFUNDS', 'PAYEMS']",,[],"['M2REAL', 'NONBORRES', 'PPICMM', 'TOTRESNS']",[],fred_qd_2025/cee,2.085829997072279,,1.0142730348743498,d257091c861020bf,FALSE,0.6.1,2.085829997072279,2.7032668680938765,0.17047070938472947,0.13335830746460128,"{'context_length': 1032, 'model_name': 'citras-fm', 'batch_size': 256, 'device': device(type='cuda', index=0), 'seed': 123}",0.9351348876953125
94,citras-fm,autogluon/fev_datasets,fred_md_2025,12,20,-240,12,1,,1,SQL,"['MASE', {'name': 'WAPE', 'epsilon': 1.0}, {'name': 'WQL', 'epsilon': 1.0}]","[0.1, 0.2, 0.3, 0.4, 0.5, 0.6, 0.7, 0.8, 0.9]",id,timestamp,"['AAA', 'AWHMAN', 'BAA', 'BUSINVx', 'CPIAUCSL', 'CPIMEDSL', 'CUMFNS', 'DMANEMP', 'EXUSUKx', 'FEDFUNDS', 'GS1', 'GS10', 'GS5', 'HOUST', 'INDPRO', 'INVEST', 'IPBUSEQ', 'IPCONGD', 'IPDCONGD', 'IPDMAT', 'IPFINAL', 'IPMANSICS', 'IPMAT', 'IPNCONGD', 'IPNMAT', 'M2REAL', 'MANEMP', 'NDMANEMP', 'NONBORRES', 'PAYEMS', 'PERMIT', 'PPICMM', 'S&P 500', 'SRVPRD', 'TB3MS', 'TB6MS', 'TOTRESNS', 'UEMP15T26', 'UEMP27OV', 'UEMP5TO14', 'UEMPLT5', 'UEMPMEAN', 'UMCSENTx', 'UNRATE', 'USCONS', 'USFIRE', 'USGOOD', 'USGOVT', 'USTPU', 'USTRADE', 'VIXCLSx']",,[],[],[],fred_md_2025/macro,5.215768539269617,,1.6344136712141335,764e9294023ee081,FALSE,0.6.1,5.215768539269617,6.114909612373818,0.078294121,0.064978633,"{'context_length': 1032, 'model_name': 'citras-fm', 'batch_size': 256, 'device': device(type='cuda', index=0), 'seed': 123}",1.5304222106933594
95,citras-fm,autogluon/fev_datasets,fred_qd_2025,8,20,-160,8,1,,1,SQL,"['MASE', {'name': 'WAPE', 'epsilon': 1.0}, {'name': 'WQL', 'epsilon': 1.0}]","[0.1, 0.2, 0.3, 0.4, 0.5, 0.6, 0.7, 0.8, 0.9]",id,timestamp,"['AAA', 'AWHMAN', 'BAA', 'BUSINVx', 'CPIAUCSL', 'CPIMEDSL', 'CUMFNS', 'DMANEMP', 'EXUSUKx', 'FEDFUNDS', 'GS1', 'GS10', 'GS5', 'HOUST', 'INDPRO', 'INVEST', 'IPBUSEQ', 'IPCONGD', 'IPDCONGD', 'IPDMAT', 'IPFINAL', 'IPMANSICS', 'IPMAT', 'IPNCONGD', 'IPNMAT', 'M2REAL', 'MANEMP', 'NDMANEMP', 'NONBORRES', 'PAYEMS', 'PERMIT', 'PPICMM', 'S&P 500', 'SRVPRD', 'TB3MS', 'TB6MS', 'TOTRESNS', 'UEMP15T26', 'UEMP27OV', 'UEMP5TO14', 'UEMPLT5', 'UEMPMEAN', 'UMCSENTx', 'UNRATE', 'USCONS', 'USFIRE', 'USGOOD', 'USGOVT', 'USTPU', 'USTRADE', 'VIXCLSx']",,[],[],[],fred_qd_2025/macro,3.485506978805226,,0.8158926067408174,d257091c861020bf,FALSE,0.6.1,3.485506978805226,4.188447749,0.10596750915465951,0.085237494,"{'context_length': 1032, 'model_name': 'citras-fm', 'batch_size': 256, 'device': device(type='cuda', index=0), 'seed': 123}",0.7463245391845703
96,citras-fm,autogluon/fev_datasets,us_consumption_1M,12,10,-120,12,1,,12,SQL,"['MASE', {'name': 'WAPE', 'epsilon': 1.0}, {'name': 'WQL', 'epsilon': 1.0}]","[0.1, 0.2, 0.3, 0.4, 0.5, 0.6, 0.7, 0.8, 0.9]",id,timestamp,target,,[],[],[],us_consumption_1M,1.4905145286351953,,1.0202139439061284,03c47cb66fc4f105,FALSE,0.6.1,1.4905145286351953,1.7989145692639081,0.022267568,0.018971356,"{'context_length': 1032, 'model_name': 'citras-fm', 'batch_size': 256, 'device': device(type='cuda', index=0), 'seed': 123}",0.6793510913848877
97,citras-fm,autogluon/fev_datasets,us_consumption_1Q,8,10,-80,8,1,,4,SQL,"['MASE', {'name': 'WAPE', 'epsilon': 1.0}, {'name': 'WQL', 'epsilon': 1.0}]","[0.1, 0.2, 0.3, 0.4, 0.5, 0.6, 0.7, 0.8, 0.9]",id,timestamp,target,,[],[],[],us_consumption_1Q,1.780745558592545,,0.6046650944044814,91f975812d53dcb0,FALSE,0.6.1,1.780745558592545,2.207096313480575,0.033419079,0.028286171487300817,"{'context_length': 1032, 'model_name': 'citras-fm', 'batch_size': 256, 'device': device(type='cuda', index=0), 'seed': 123}",0.3287315368652344
98,citras-fm,autogluon/fev_datasets,us_consumption_1Y,5,10,-50,5,1,,1,SQL,"['MASE', {'name': 'WAPE', 'epsilon': 1.0}, {'name': 'WQL', 'epsilon': 1.0}]","[0.1, 0.2, 0.3, 0.4, 0.5, 0.6, 0.7, 0.8, 0.9]",id,timestamp,target,,[],[],[],us_consumption_1Y,3.9383368716323433,,0.5316130819264799,941764347d4458f0,FALSE,0.6.1,3.9383368716323433,4.748622363014112,0.058018556,0.047015324,"{'context_length': 1032, 'model_name': 'citras-fm', 'batch_size': 256, 'device': device(type='cuda', index=0), 'seed': 123}",0.24723482131958008
99,citras-fm,autogluon/fev_datasets,gvar,8,10,-80,8,1,,4,SQL,"['MASE', {'name': 'WAPE', 'epsilon': 1.0}, {'name': 'WQL', 'epsilon': 1.0}]","[0.1, 0.2, 0.3, 0.4, 0.5, 0.6, 0.7, 0.8, 0.9]",id,timestamp,"['Dp', 'ep', 'eq', 'lr', 'r', 'y']",,[],"['pmat', 'pmetal', 'poil']",[],gvar,0.5810223800505645,,1.205003256793134,f9353d7e5df197ee,FALSE,0.6.1,0.5810223800505645,0.7178383137879448,0.018456099883769637,0.014882746928924972,"{'context_length': 1032, 'model_name': 'citras-fm', 'batch_size': 256, 'device': device(type='cuda', index=0), 'seed': 123}",0.33641839027404785
