model_name,model_class,dataset_path,dataset_config,horizon,num_windows,initial_cutoff,window_step_size,min_context_length,max_context_length,seasonality,eval_metric,extra_metrics,quantile_levels,id_column,timestamp_column,target,generate_univariate_targets_from,known_dynamic_columns,past_dynamic_columns,static_columns,task_name,test_error,training_time_s,inference_time_s,num_forecasts,dataset_fingerprint,trained_on_this_dataset,fev_version,SQL,MASE,WAPE,WQL,model_kwargs,fev_commit
TabPFN-TS-3,tabpfn-ts-3,autogluon/fev_datasets,ETT_1D,28,20,-560,28,1,,7,SQL,"['MASE', {'name': 'WAPE', 'epsilon': 1.0}, {'name': 'WQL', 'epsilon': 1.0}]","[0.1, 0.2, 0.3, 0.4, 0.5, 0.6, 0.7, 0.8, 0.9]",id,timestamp,"['HUFL', 'HULL', 'LUFL', 'LULL', 'MUFL', 'MULL', 'OT']",,[],[],[],ETT_1D,1.1379791799209271,0.0,648.1384447521123,280,087e55aa2b87745b,False,0.7.0,1.1379791799209271,1.3578458981957091,0.3355526428793763,0.272102609926132,"{""max_context_length"": 32768, ""model_path"": ""tabpfn-v3-regressor-v3_20260506_timeseries.ckpt"", ""use_covariates"": true}",357bc23
TabPFN-TS-3,tabpfn-ts-3,autogluon/fev_datasets,ETT_1W,13,5,-65,13,1,,1,SQL,"['MASE', {'name': 'WAPE', 'epsilon': 1.0}, {'name': 'WQL', 'epsilon': 1.0}]","[0.1, 0.2, 0.3, 0.4, 0.5, 0.6, 0.7, 0.8, 0.9]",id,timestamp,"['HUFL', 'HULL', 'LUFL', 'LULL', 'MUFL', 'MULL', 'OT']",,[],[],[],ETT_1W,2.2520996503353903,0.0,141.96763375899172,70,f285b410fbbb9427,False,0.7.0,2.2520996503353903,2.644196438594287,0.520022349394661,0.4043071272727572,"{""max_context_length"": 32768, ""model_path"": ""tabpfn-v3-regressor-v3_20260506_timeseries.ckpt"", ""use_covariates"": true}",357bc23
TabPFN-TS-3,tabpfn-ts-3,autogluon/fev_datasets,LOOP_SEATTLE_1H,168,10,-1680,168,1,,24,SQL,"['MASE', {'name': 'WAPE', 'epsilon': 1.0}, {'name': 'WQL', 'epsilon': 1.0}]","[0.1, 0.2, 0.3, 0.4, 0.5, 0.6, 0.7, 0.8, 0.9]",id,timestamp,target,,[],[],[],LOOP_SEATTLE_1H,0.6672517167408398,0.0,10558.53978115,3230,08811ee17f93df42,False,0.7.0,0.6672517167408398,0.8318402755938443,0.0713651283937751,0.0571353928490012,"{""max_context_length"": 32768, ""model_path"": ""tabpfn-v3-regressor-v3_20260506_timeseries.ckpt"", ""use_covariates"": true}",357bc23
TabPFN-TS-3,tabpfn-ts-3,autogluon/fev_datasets,M_DENSE_1H,168,10,-1680,168,1,,24,SQL,"['MASE', {'name': 'WAPE', 'epsilon': 1.0}, {'name': 'WQL', 'epsilon': 1.0}]","[0.1, 0.2, 0.3, 0.4, 0.5, 0.6, 0.7, 0.8, 0.9]",id,timestamp,target,,[],[],[],M_DENSE_1H,0.5851457694572142,0.0,1489.767673877941,300,e973593b94c21fa6,False,0.7.0,0.5851457694572142,0.7086907658337513,0.1440050897051253,0.1182210877017234,"{""max_context_length"": 32768, ""model_path"": ""tabpfn-v3-regressor-v3_20260506_timeseries.ckpt"", ""use_covariates"": true}",357bc23
TabPFN-TS-3,tabpfn-ts-3,autogluon/fev_datasets,SZ_TAXI_15T,96,10,-960,96,1,,96,SQL,"['MASE', {'name': 'WAPE', 'epsilon': 1.0}, {'name': 'WQL', 'epsilon': 1.0}]","[0.1, 0.2, 0.3, 0.4, 0.5, 0.6, 0.7, 0.8, 0.9]",id,timestamp,target,,[],[],[],SZ_TAXI_15T,0.3994507724371505,0.0,4034.336904224998,1560,3e6f0d3380ac07cc,False,0.7.0,0.3994507724371505,0.5078754252599722,0.2427411944683499,0.1906272257459292,"{""max_context_length"": 32768, ""model_path"": ""tabpfn-v3-regressor-v3_20260506_timeseries.ckpt"", ""use_covariates"": true}",357bc23
TabPFN-TS-3,tabpfn-ts-3,autogluon/fev_datasets,bizitobs_l2c_5T,288,20,-5760,288,1,,288,SQL,"['MASE', {'name': 'WAPE', 'epsilon': 1.0}, {'name': 'WQL', 'epsilon': 1.0}]","[0.1, 0.2, 0.3, 0.4, 0.5, 0.6, 0.7, 0.8, 0.9]",id,timestamp,"['target_0', 'target_1', 'target_2', 'target_3', 'target_4', 'target_5', 'target_6']",,[],[],[],bizitobs_l2c_5T,0.3703336223017609,0.0,1211.87162584794,140,9cb515b57514a9ab,False,0.7.0,0.3703336223017609,0.4638850239470942,0.370571949725277,0.2942824648852123,"{""max_context_length"": 32768, ""model_path"": ""tabpfn-v3-regressor-v3_20260506_timeseries.ckpt"", ""use_covariates"": true}",357bc23
TabPFN-TS-3,tabpfn-ts-3,autogluon/fev_datasets,boomlet_1062,288,20,-5760,288,1,,288,SQL,"['MASE', {'name': 'WAPE', 'epsilon': 1.0}, {'name': 'WQL', 'epsilon': 1.0}]","[0.1, 0.2, 0.3, 0.4, 0.5, 0.6, 0.7, 0.8, 0.9]",id,timestamp,"['target_0', 'target_1', 'target_10', 'target_11', 'target_12', 'target_13', 'target_14', 'target_15', 'target_16', 'target_17', 'target_18', 'target_19', 'target_2', 'target_20', 'target_3', 'target_4', 'target_5', 'target_6', 'target_7', 'target_8', 'target_9']",,[],[],[],boomlet_1062,0.5540726899554362,0.0,1656.6214190989558,420,850914278ff7292f,False,0.7.0,0.5540726899554362,0.6729176632873578,0.5680465301565842,0.4580502677279735,"{""max_context_length"": 32768, ""model_path"": ""tabpfn-v3-regressor-v3_20260506_timeseries.ckpt"", ""use_covariates"": true}",357bc23
TabPFN-TS-3,tabpfn-ts-3,autogluon/fev_datasets,boomlet_1230,288,20,-5760,288,1,,288,SQL,"['MASE', {'name': 'WAPE', 'epsilon': 1.0}, {'name': 'WQL', 'epsilon': 1.0}]","[0.1, 0.2, 0.3, 0.4, 0.5, 0.6, 0.7, 0.8, 0.9]",id,timestamp,"['target_0', 'target_1', 'target_10', 'target_11', 'target_12', 'target_13', 'target_14', 'target_15', 'target_16', 'target_17', 'target_18', 'target_19', 'target_2', 'target_20', 'target_21', 'target_22', 'target_3', 'target_4', 'target_5', 'target_6', 'target_7', 'target_8', 'target_9']",,[],[],[],boomlet_1230,1.292409489483204,0.0,2075.84906469594,460,c41ee8e342ded50d,False,0.7.0,1.292409489483204,1.499230875085562,0.3264794909812402,0.2822216866653908,"{""max_context_length"": 32768, ""model_path"": ""tabpfn-v3-regressor-v3_20260506_timeseries.ckpt"", ""use_covariates"": true}",357bc23
TabPFN-TS-3,tabpfn-ts-3,autogluon/fev_datasets,boomlet_1487,288,20,-5760,288,1,,288,SQL,"['MASE', {'name': 'WAPE', 'epsilon': 1.0}, {'name': 'WQL', 'epsilon': 1.0}]","[0.1, 0.2, 0.3, 0.4, 0.5, 0.6, 0.7, 0.8, 0.9]",id,timestamp,"['target_0', 'target_1', 'target_10', 'target_11', 'target_12', 'target_13', 'target_14', 'target_15', 'target_16', 'target_17', 'target_18', 'target_19', 'target_2', 'target_20', 'target_21', 'target_22', 'target_23', 'target_24', 'target_25', 'target_26', 'target_27', 'target_28', 'target_29', 'target_3', 'target_30', 'target_31', 'target_32', 'target_33', 'target_34', 'target_35', 'target_36', 'target_37', 'target_38', 'target_39', 'target_4', 'target_40', 'target_41', 'target_42', 'target_43', 'target_44', 'target_45', 'target_46', 'target_47', 'target_48', 'target_49', 'target_5', 'target_50', 'target_51', 'target_52', 'target_53', 'target_6', 'target_7', 'target_8', 'target_9']",,[],[],[],boomlet_1487,0.4470261447017197,0.0,4965.306756605991,1080,6e70705aa0d5c9b6,False,0.7.0,0.4470261447017197,0.5357046838055305,0.2113614719506857,0.1760315116296859,"{""max_context_length"": 32768, ""model_path"": ""tabpfn-v3-regressor-v3_20260506_timeseries.ckpt"", ""use_covariates"": true}",357bc23
TabPFN-TS-3,tabpfn-ts-3,autogluon/fev_datasets,boomlet_1631,96,20,-1920,96,1,,48,SQL,"['MASE', {'name': 'WAPE', 'epsilon': 1.0}, {'name': 'WQL', 'epsilon': 1.0}]","[0.1, 0.2, 0.3, 0.4, 0.5, 0.6, 0.7, 0.8, 0.9]",id,timestamp,"['target_0', 'target_1', 'target_10', 'target_11', 'target_12', 'target_13', 'target_14', 'target_15', 'target_16', 'target_17', 'target_18', 'target_19', 'target_2', 'target_20', 'target_21', 'target_22', 'target_23', 'target_24', 'target_25', 'target_26', 'target_27', 'target_28', 'target_29', 'target_3', 'target_30', 'target_31', 'target_32', 'target_33', 'target_34', 'target_35', 'target_36', 'target_37', 'target_38', 'target_39', 'target_4', 'target_5', 'target_6', 'target_7', 'target_8', 'target_9']",,[],[],[],boomlet_1631,0.6219298759894352,0.0,3043.234258520999,800,79eaf83557e2eeb4,False,0.7.0,0.6219298759894352,0.7786935302332815,0.3371049845228359,0.2691060311217165,"{""max_context_length"": 32768, ""model_path"": ""tabpfn-v3-regressor-v3_20260506_timeseries.ckpt"", ""use_covariates"": true}",357bc23
TabPFN-TS-3,tabpfn-ts-3,autogluon/fev_datasets,boomlet_1855,24,20,-480,24,1,,24,SQL,"['MASE', {'name': 'WAPE', 'epsilon': 1.0}, {'name': 'WQL', 'epsilon': 1.0}]","[0.1, 0.2, 0.3, 0.4, 0.5, 0.6, 0.7, 0.8, 0.9]",id,timestamp,"['target_0', 'target_1', 'target_10', 'target_11', 'target_12', 'target_13', 'target_14', 'target_15', 'target_16', 'target_17', 'target_18', 'target_19', 'target_2', 'target_20', 'target_21', 'target_22', 'target_23', 'target_24', 'target_25', 'target_26', 'target_27', 'target_28', 'target_29', 'target_3', 'target_30', 'target_31', 'target_32', 'target_33', 'target_34', 'target_35', 'target_36', 'target_37', 'target_38', 'target_39', 'target_4', 'target_40', 'target_41', 'target_42', 'target_43', 'target_44', 'target_45', 'target_46', 'target_47', 'target_48', 'target_49', 'target_5', 'target_50', 'target_51', 'target_6', 'target_7', 'target_8', 'target_9']",,[],[],[],boomlet_1855,0.5035843957537904,0.0,3033.1694200080674,1040,3b655e92786b24dc,False,0.7.0,0.5035843957537904,0.6051056434432255,0.1833833926827814,0.1533345196969808,"{""max_context_length"": 32768, ""model_path"": ""tabpfn-v3-regressor-v3_20260506_timeseries.ckpt"", ""use_covariates"": true}",357bc23
TabPFN-TS-3,tabpfn-ts-3,autogluon/fev_datasets,entsoe_30T,96,20,-1920,96,1,,48,SQL,"['MASE', {'name': 'WAPE', 'epsilon': 1.0}, {'name': 'WQL', 'epsilon': 1.0}]","[0.1, 0.2, 0.3, 0.4, 0.5, 0.6, 0.7, 0.8, 0.9]",id,timestamp,target,,"['radiation_diffuse_horizontal', 'radiation_direct_horizontal', 'temperature']",[],[],entsoe_30T,0.579068396303577,0.0,1181.8515669780318,120,7a3623a47fa39853,False,0.7.0,0.579068396303577,0.6941938566372617,0.0520352563383743,0.0445350341243368,"{""max_context_length"": 32768, ""model_path"": ""tabpfn-v3-regressor-v3_20260506_timeseries.ckpt"", ""use_covariates"": true}",357bc23
TabPFN-TS-3,tabpfn-ts-3,autogluon/fev_datasets,epf_be,24,20,-480,24,1,,24,SQL,"['MASE', {'name': 'WAPE', 'epsilon': 1.0}, {'name': 'WQL', 'epsilon': 1.0}]","[0.1, 0.2, 0.3, 0.4, 0.5, 0.6, 0.7, 0.8, 0.9]",id,timestamp,target,,"['Generation forecast', 'System load forecast']",[],[],epf_be,0.5332593102688878,0.0,187.56434406799963,20,fef9300bbbbc0b06,False,0.7.0,0.5332593102688878,0.6814597294522857,0.1183945017114153,0.0924509066869714,"{""max_context_length"": 32768, ""model_path"": ""tabpfn-v3-regressor-v3_20260506_timeseries.ckpt"", ""use_covariates"": true}",357bc23
TabPFN-TS-3,tabpfn-ts-3,autogluon/fev_datasets,ercot_1M,12,15,-180,12,1,,12,SQL,"['MASE', {'name': 'WAPE', 'epsilon': 1.0}, {'name': 'WQL', 'epsilon': 1.0}]","[0.1, 0.2, 0.3, 0.4, 0.5, 0.6, 0.7, 0.8, 0.9]",id,timestamp,target,,[],[],[],ercot_1M,0.7553373538052813,0.0,257.0086055260035,120,3b442c044564a810,False,0.7.0,0.7553373538052813,0.9560713460009584,0.0475964718270924,0.0376060321528297,"{""max_context_length"": 32768, ""model_path"": ""tabpfn-v3-regressor-v3_20260506_timeseries.ckpt"", ""use_covariates"": true}",357bc23
TabPFN-TS-3,tabpfn-ts-3,autogluon/fev_datasets,hierarchical_sales_1W,13,10,-130,13,1,,1,SQL,"['MASE', {'name': 'WAPE', 'epsilon': 1.0}, {'name': 'WQL', 'epsilon': 1.0}]","[0.1, 0.2, 0.3, 0.4, 0.5, 0.6, 0.7, 0.8, 0.9]",id,timestamp,target,,[],[],[],hierarchical_sales_1W,0.6250946465314302,0.0,2553.0937456980173,1180,691bd281f0ad7adc,False,0.7.0,0.6250946465314302,0.7585132368825315,0.4324449795613909,0.370833974534256,"{""max_context_length"": 32768, ""model_path"": ""tabpfn-v3-regressor-v3_20260506_timeseries.ckpt"", ""use_covariates"": true}",357bc23
TabPFN-TS-3,tabpfn-ts-3,autogluon/fev_datasets,hospital_admissions_1D,28,20,-560,28,1,,7,SQL,"['MASE', {'name': 'WAPE', 'epsilon': 1.0}, {'name': 'WQL', 'epsilon': 1.0}]","[0.1, 0.2, 0.3, 0.4, 0.5, 0.6, 0.7, 0.8, 0.9]",id,timestamp,target,,[],[],[],hospital_admissions_1D,0.5543550233133119,0.0,358.38578376491205,160,88f43f9f6a96b4f3,False,0.7.0,0.5543550233133119,0.7168159429745188,0.5317346961387386,0.4111778841250772,"{""max_context_length"": 32768, ""model_path"": ""tabpfn-v3-regressor-v3_20260506_timeseries.ckpt"", ""use_covariates"": true}",357bc23
TabPFN-TS-3,tabpfn-ts-3,autogluon/fev_datasets,m5_1D,28,1,-28,28,1,,7,SQL,"['MASE', {'name': 'WAPE', 'epsilon': 1.0}, {'name': 'WQL', 'epsilon': 1.0}]","[0.1, 0.2, 0.3, 0.4, 0.5, 0.6, 0.7, 0.8, 0.9]",id,timestamp,target,,"['event_Cultural', 'event_National', 'event_Religious', 'event_Sporting', 'sell_price', 'snap_CA', 'snap_TX', 'snap_WI']",[],"['cat_id', 'dept_id', 'item_id', 'state_id', 'store_id']",m5_1D,0.7201100611971899,0.0,81694.289965888,30490,f11a35ff7f7adf0e,False,0.7.0,0.7201100611971899,0.8700886047381443,0.6968792711756289,0.5503297168377588,"{""max_context_length"": 32768, ""model_path"": ""tabpfn-v3-regressor-v3_20260506_timeseries.ckpt"", ""use_covariates"": true}",357bc23
TabPFN-TS-3,tabpfn-ts-3,autogluon/fev_datasets,proenfo_gfc14,168,20,-3360,168,1,,24,SQL,"['MASE', {'name': 'WAPE', 'epsilon': 1.0}, {'name': 'WQL', 'epsilon': 1.0}]","[0.1, 0.2, 0.3, 0.4, 0.5, 0.6, 0.7, 0.8, 0.9]",id,timestamp,target,,['airtemperature'],[],[],proenfo_gfc14,0.4257560843855685,0.0,96.21623825203278,20,eb4b54a1ec3114bf,False,0.7.0,0.4257560843855685,0.5168091271657334,0.0253661414846117,0.0208825726093903,"{""max_context_length"": 32768, ""model_path"": ""tabpfn-v3-regressor-v3_20260506_timeseries.ckpt"", ""use_covariates"": true}",357bc23
TabPFN-TS-3,tabpfn-ts-3,autogluon/fev_datasets,restaurant,28,8,-224,28,1,,7,SQL,"['MASE', {'name': 'WAPE', 'epsilon': 1.0}, {'name': 'WQL', 'epsilon': 1.0}]","[0.1, 0.2, 0.3, 0.4, 0.5, 0.6, 0.7, 0.8, 0.9]",id,timestamp,target,,[],[],"['air_area_name', 'air_genre_name', 'latitude', 'longitude']",restaurant,0.6862267947497396,0.0,14031.084322500014,6502,cc84996f184fc2f6,False,0.7.0,0.6862267947497396,0.8590875056699312,0.3599835261116934,0.283353323307,"{""max_context_length"": 32768, ""model_path"": ""tabpfn-v3-regressor-v3_20260506_timeseries.ckpt"", ""use_covariates"": true}",357bc23
TabPFN-TS-3,tabpfn-ts-3,autogluon/fev_datasets,rohlik_orders_1W,8,5,2023-05-01T00:00:00,8,1,,1,SQL,"['MASE', {'name': 'WAPE', 'epsilon': 1.0}, {'name': 'WQL', 'epsilon': 1.0}]","[0.1, 0.2, 0.3, 0.4, 0.5, 0.6, 0.7, 0.8, 0.9]",id,timestamp,orders,,"['holiday', 'school_holidays', 'shops_closed', 'winter_school_holidays']","['blackout', 'frankfurt_shutdown', 'mini_shutdown', 'mov_change', 'precipitation', 'shutdown', 'snow', 'user_activity_1', 'user_activity_2']",[],rohlik_orders_1W,1.4150472261463665,0.0,76.99449969400303,35,bbb0372c6d5883ab,False,0.7.0,1.4150472261463665,1.697922993875474,0.0558160524546006,0.0464488188294073,"{""max_context_length"": 32768, ""model_path"": ""tabpfn-v3-regressor-v3_20260506_timeseries.ckpt"", ""use_covariates"": true}",357bc23
TabPFN-TS-3,tabpfn-ts-3,autogluon/fev_datasets,uk_covid_nation_1D,28,20,-560,28,1,,1,SQL,"['MASE', {'name': 'WAPE', 'epsilon': 1.0}, {'name': 'WQL', 'epsilon': 1.0}]","[0.1, 0.2, 0.3, 0.4, 0.5, 0.6, 0.7, 0.8, 0.9]",id,timestamp,"['cumulative_admissions', 'cumulative_cases', 'cumulative_deaths']",,[],"['cumulative_vaccinated_1', 'cumulative_vaccinated_2', 'cumulative_vaccinated_3', 'hospital_cases', 'icu_ventilator_occupancy']",[],uk_covid_nation_1D/cumulative,10.393528007145749,0.0,462.66582179802936,240,dae0212e3fa73904,False,0.7.0,10.393528007145749,12.29224312061975,0.0267178210571686,0.0223479539480728,"{""max_context_length"": 32768, ""model_path"": ""tabpfn-v3-regressor-v3_20260506_timeseries.ckpt"", ""use_covariates"": true}",357bc23
TabPFN-TS-3,tabpfn-ts-3,autogluon/fev_datasets,uk_covid_utla_1D,28,10,-280,28,1,,7,SQL,"['MASE', {'name': 'WAPE', 'epsilon': 1.0}, {'name': 'WQL', 'epsilon': 1.0}]","[0.1, 0.2, 0.3, 0.4, 0.5, 0.6, 0.7, 0.8, 0.9]",id,timestamp,new_cases,,[],[],[],uk_covid_utla_1D/new,3.815219901031533,0.0,4795.575029998974,2140,2f859aada4961893,False,0.7.0,3.815219901031533,4.476717597994286,0.4523592329542493,0.377333366497224,"{""max_context_length"": 32768, ""model_path"": ""tabpfn-v3-regressor-v3_20260506_timeseries.ckpt"", ""use_covariates"": true}",357bc23
TabPFN-TS-3,tabpfn-ts-3,autogluon/fev_datasets,us_consumption_1M,12,10,-120,12,1,,12,SQL,"['MASE', {'name': 'WAPE', 'epsilon': 1.0}, {'name': 'WQL', 'epsilon': 1.0}]","[0.1, 0.2, 0.3, 0.4, 0.5, 0.6, 0.7, 0.8, 0.9]",id,timestamp,target,,[],[],[],us_consumption_1M,1.698154476329108,0.0,608.1330777910189,310,03c47cb66fc4f105,False,0.7.0,1.698154476329108,2.014110465454734,0.0345591806718065,0.027672527027799,"{""max_context_length"": 32768, ""model_path"": ""tabpfn-v3-regressor-v3_20260506_timeseries.ckpt"", ""use_covariates"": true}",357bc23
TabPFN-TS-3,tabpfn-ts-3,autogluon/fev_datasets,walmart,39,1,-39,39,1,,1,SQL,"['MASE', {'name': 'WAPE', 'epsilon': 1.0}, {'name': 'WQL', 'epsilon': 1.0}]","[0.1, 0.2, 0.3, 0.4, 0.5, 0.6, 0.7, 0.8, 0.9]",id,timestamp,target,,"['CPI', 'Fuel_Price', 'IsHoliday', 'MarkDown1', 'MarkDown2', 'MarkDown3', 'MarkDown4', 'MarkDown5', 'Temperature', 'Unemployment']",[],"['Dept', 'Size', 'Store', 'Type']",walmart,0.6958700137113855,0.0,6808.841880281005,2936,c55b4fd4c5773129,False,0.7.0,0.6958700137113855,0.8789113488006605,0.1028693717266448,0.0815352949623072,"{""max_context_length"": 32768, ""model_path"": ""tabpfn-v3-regressor-v3_20260506_timeseries.ckpt"", ""use_covariates"": true}",357bc23
TabPFN-TS-3,tabpfn-ts-3,autogluon/fev_datasets,world_co2_emissions,5,9,-45,5,1,,1,SQL,"['MASE', {'name': 'WAPE', 'epsilon': 1.0}, {'name': 'WQL', 'epsilon': 1.0}]","[0.1, 0.2, 0.3, 0.4, 0.5, 0.6, 0.7, 0.8, 0.9]",id,timestamp,target,,[],[],[],world_co2_emissions,2.7613642287884645,0.0,3219.681837843033,1719,e202df7b6b66eec1,False,0.7.0,2.7613642287884645,3.282587427603265,0.0905926679423392,0.076363111537555,"{""max_context_length"": 32768, ""model_path"": ""tabpfn-v3-regressor-v3_20260506_timeseries.ckpt"", ""use_covariates"": true}",357bc23
TabPFN-TS-3,tabpfn-ts-3,autogluon/fev_datasets,LOOP_SEATTLE_5T,288,10,-2880,288,1,,288,SQL,"['MASE', {'name': 'WAPE', 'epsilon': 1.0}, {'name': 'WQL', 'epsilon': 1.0}]","[0.1, 0.2, 0.3, 0.4, 0.5, 0.6, 0.7, 0.8, 0.9]",id,timestamp,target,,[],[],[],LOOP_SEATTLE_5T,0.7095763220051001,0.0,29967.860597086008,3230,c2739a4b195beef3,False,0.7.0,0.7095763220051001,0.8836114418496782,0.0962011672777523,0.0773047333192915,"{""max_context_length"": 32768, ""model_path"": ""tabpfn-v3-regressor-v3_20260506_timeseries.ckpt"", ""use_covariates"": true}",357bc23
TabPFN-TS-3,tabpfn-ts-3,autogluon/fev_datasets,boomlet_1282,60,20,-1200,60,1,,1440,SQL,"['MASE', {'name': 'WAPE', 'epsilon': 1.0}, {'name': 'WQL', 'epsilon': 1.0}]","[0.1, 0.2, 0.3, 0.4, 0.5, 0.6, 0.7, 0.8, 0.9]",id,timestamp,"['target_0', 'target_1', 'target_10', 'target_11', 'target_12', 'target_13', 'target_14', 'target_15', 'target_16', 'target_17', 'target_18', 'target_19', 'target_2', 'target_20', 'target_21', 'target_22', 'target_23', 'target_24', 'target_25', 'target_26', 'target_27', 'target_28', 'target_29', 'target_3', 'target_30', 'target_31', 'target_32', 'target_33', 'target_34', 'target_4', 'target_5', 'target_6', 'target_7', 'target_8', 'target_9']",,[],[],[],boomlet_1282,0.4125768221143119,0.0,3187.103612531064,700,b18492522498bc96,False,0.7.0,0.4125768221143119,0.5047759934413311,0.3490272096780865,0.2826336390996576,"{""max_context_length"": 32768, ""model_path"": ""tabpfn-v3-regressor-v3_20260506_timeseries.ckpt"", ""use_covariates"": true}",357bc23
TabPFN-TS-3,tabpfn-ts-3,autogluon/fev_datasets,boomlet_2187,24,20,-480,24,1,,24,SQL,"['MASE', {'name': 'WAPE', 'epsilon': 1.0}, {'name': 'WQL', 'epsilon': 1.0}]","[0.1, 0.2, 0.3, 0.4, 0.5, 0.6, 0.7, 0.8, 0.9]",id,timestamp,"['target_0', 'target_1', 'target_10', 'target_11', 'target_12', 'target_13', 'target_14', 'target_15', 'target_16', 'target_17', 'target_18', 'target_19', 'target_2', 'target_20', 'target_21', 'target_22', 'target_23', 'target_24', 'target_25', 'target_26', 'target_27', 'target_28', 'target_29', 'target_3', 'target_30', 'target_31', 'target_32', 'target_33', 'target_34', 'target_35', 'target_36', 'target_37', 'target_38', 'target_39', 'target_4', 'target_40', 'target_41', 'target_42', 'target_43', 'target_44', 'target_45', 'target_46', 'target_47', 'target_48', 'target_49', 'target_5', 'target_50', 'target_51', 'target_52', 'target_53', 'target_54', 'target_55', 'target_56', 'target_57', 'target_58', 'target_59', 'target_6', 'target_60', 'target_61', 'target_62', 'target_63', 'target_64', 'target_65', 'target_66', 'target_67', 'target_68', 'target_69', 'target_7', 'target_70', 'target_71', 'target_72', 'target_73', 'target_74', 'target_75', 'target_76', 'target_77', 'target_78', 'target_79', 'target_8', 'target_80', 'target_81', 'target_82', 'target_83', 'target_84', 'target_85', 'target_86', 'target_87', 'target_88', 'target_89', 'target_9', 'target_90', 'target_91', 'target_92', 'target_93', 'target_94', 'target_95', 'target_96', 'target_97', 'target_98', 'target_99']",,[],[],[],boomlet_2187,0.8352927513167032,0.0,5508.236501477964,2000,c858af6e090b65d2,False,0.7.0,0.8352927513167032,0.948676925541869,0.300693347060175,0.259871483175814,"{""max_context_length"": 32768, ""model_path"": ""tabpfn-v3-regressor-v3_20260506_timeseries.ckpt"", ""use_covariates"": true}",357bc23
TabPFN-TS-3,tabpfn-ts-3,autogluon/fev_datasets,boomlet_285,60,20,-1200,60,1,,1440,SQL,"['MASE', {'name': 'WAPE', 'epsilon': 1.0}, {'name': 'WQL', 'epsilon': 1.0}]","[0.1, 0.2, 0.3, 0.4, 0.5, 0.6, 0.7, 0.8, 0.9]",id,timestamp,"['target_0', 'target_1', 'target_10', 'target_11', 'target_12', 'target_13', 'target_14', 'target_15', 'target_16', 'target_17', 'target_18', 'target_19', 'target_2', 'target_20', 'target_21', 'target_22', 'target_23', 'target_24', 'target_25', 'target_26', 'target_27', 'target_28', 'target_29', 'target_3', 'target_30', 'target_31', 'target_32', 'target_33', 'target_34', 'target_35', 'target_36', 'target_37', 'target_38', 'target_39', 'target_4', 'target_40', 'target_41', 'target_42', 'target_43', 'target_44', 'target_45', 'target_46', 'target_47', 'target_48', 'target_49', 'target_5', 'target_50', 'target_51', 'target_52', 'target_53', 'target_54', 'target_55', 'target_56', 'target_57', 'target_58', 'target_59', 'target_6', 'target_60', 'target_61', 'target_62', 'target_63', 'target_64', 'target_65', 'target_66', 'target_67', 'target_68', 'target_69', 'target_7', 'target_70', 'target_71', 'target_72', 'target_73', 'target_74', 'target_8', 'target_9']",,[],[],[],boomlet_285,0.3541767461117314,0.0,6333.785553576003,1500,51287a29c5959696,False,0.7.0,0.3541767461117314,0.4210275195145369,0.1908417729239064,0.1500551836785001,"{""max_context_length"": 32768, ""model_path"": ""tabpfn-v3-regressor-v3_20260506_timeseries.ckpt"", ""use_covariates"": true}",357bc23
TabPFN-TS-3,tabpfn-ts-3,autogluon/fev_datasets,boomlet_772,60,20,-1200,60,1,,1440,SQL,"['MASE', {'name': 'WAPE', 'epsilon': 1.0}, {'name': 'WQL', 'epsilon': 1.0}]","[0.1, 0.2, 0.3, 0.4, 0.5, 0.6, 0.7, 0.8, 0.9]",id,timestamp,"['target_0', 'target_1', 'target_10', 'target_11', 'target_12', 'target_13', 'target_14', 'target_15', 'target_16', 'target_17', 'target_18', 'target_19', 'target_2', 'target_20', 'target_21', 'target_22', 'target_23', 'target_24', 'target_25', 'target_26', 'target_27', 'target_28', 'target_29', 'target_3', 'target_30', 'target_31', 'target_32', 'target_33', 'target_34', 'target_35', 'target_36', 'target_37', 'target_38', 'target_39', 'target_4', 'target_40', 'target_41', 'target_42', 'target_43', 'target_44', 'target_45', 'target_46', 'target_47', 'target_48', 'target_49', 'target_5', 'target_50', 'target_51', 'target_52', 'target_53', 'target_54', 'target_55', 'target_56', 'target_57', 'target_58', 'target_59', 'target_6', 'target_60', 'target_61', 'target_62', 'target_63', 'target_64', 'target_65', 'target_66', 'target_7', 'target_8', 'target_9']",,[],[],[],boomlet_772,0.3054376225869047,0.0,6426.535158498038,1340,cf7b0f7fe86838d5,False,0.7.0,0.3054376225869047,0.3542699813786648,0.1663831908724788,0.1418676127916021,"{""max_context_length"": 32768, ""model_path"": ""tabpfn-v3-regressor-v3_20260506_timeseries.ckpt"", ""use_covariates"": true}",357bc23
TabPFN-TS-3,tabpfn-ts-3,autogluon/fev_datasets,ecdc_ili,13,10,-130,13,1,,1,SQL,"['MASE', {'name': 'WAPE', 'epsilon': 1.0}, {'name': 'WQL', 'epsilon': 1.0}]","[0.1, 0.2, 0.3, 0.4, 0.5, 0.6, 0.7, 0.8, 0.9]",id,timestamp,target,,[],[],[],ecdc_ili,2.4573774435197846,0.0,481.3924747799756,240,c812e2dbfb11b987,False,0.7.0,2.4573774435197846,2.9048747296854383,0.4103001340018452,0.340187972155641,"{""max_context_length"": 32768, ""model_path"": ""tabpfn-v3-regressor-v3_20260506_timeseries.ckpt"", ""use_covariates"": true}",357bc23
TabPFN-TS-3,tabpfn-ts-3,autogluon/fev_datasets,epf_fr,24,20,-480,24,1,,24,SQL,"['MASE', {'name': 'WAPE', 'epsilon': 1.0}, {'name': 'WQL', 'epsilon': 1.0}]","[0.1, 0.2, 0.3, 0.4, 0.5, 0.6, 0.7, 0.8, 0.9]",id,timestamp,target,,"['Generation forecast', 'System load forecast']",[],[],epf_fr,0.3739033410112943,0.0,181.9212495500105,20,8f5f11f4c654e31f,False,0.7.0,0.3739033410112943,0.4743786134829068,0.0695476443783036,0.0549769522291364,"{""max_context_length"": 32768, ""model_path"": ""tabpfn-v3-regressor-v3_20260506_timeseries.ckpt"", ""use_covariates"": true}",357bc23
TabPFN-TS-3,tabpfn-ts-3,autogluon/fev_datasets,ercot_1D,28,20,-560,28,1,,7,SQL,"['MASE', {'name': 'WAPE', 'epsilon': 1.0}, {'name': 'WQL', 'epsilon': 1.0}]","[0.1, 0.2, 0.3, 0.4, 0.5, 0.6, 0.7, 0.8, 0.9]",id,timestamp,target,,[],[],[],ercot_1D,0.8451644824417806,0.0,461.10246613103664,160,2d6981ffddeb4d36,False,0.7.0,0.8451644824417806,1.0795392998433684,0.0772882952687702,0.059748412824441,"{""max_context_length"": 32768, ""model_path"": ""tabpfn-v3-regressor-v3_20260506_timeseries.ckpt"", ""use_covariates"": true}",357bc23
TabPFN-TS-3,tabpfn-ts-3,autogluon/fev_datasets,ercot_1W,13,20,-260,13,1,,1,SQL,"['MASE', {'name': 'WAPE', 'epsilon': 1.0}, {'name': 'WQL', 'epsilon': 1.0}]","[0.1, 0.2, 0.3, 0.4, 0.5, 0.6, 0.7, 0.8, 0.9]",id,timestamp,target,,[],[],[],ercot_1W,0.9964452557030437,0.0,343.94279674300924,160,17d56f9cde303936,False,0.7.0,0.9964452557030437,1.2840224773703113,0.0596668503179659,0.0461981248612772,"{""max_context_length"": 32768, ""model_path"": ""tabpfn-v3-regressor-v3_20260506_timeseries.ckpt"", ""use_covariates"": true}",357bc23
TabPFN-TS-3,tabpfn-ts-3,autogluon/fev_datasets,favorita_stores_1M,12,2,-24,12,1,,12,SQL,"['MASE', {'name': 'WAPE', 'epsilon': 1.0}, {'name': 'WQL', 'epsilon': 1.0}]","[0.1, 0.2, 0.3, 0.4, 0.5, 0.6, 0.7, 0.8, 0.9]",id,timestamp,sales,,['onpromotion'],['oil_price'],"['city', 'cluster', 'family', 'state', 'store_nbr', 'type']",favorita_stores_1M,1.9234985965626687,0.0,6029.807802509997,3158,90adf27f0175f9ae,False,0.7.0,1.9234985965626687,2.1805709937861883,0.1202766662499593,0.0956066633468445,"{""max_context_length"": 32768, ""model_path"": ""tabpfn-v3-regressor-v3_20260506_timeseries.ckpt"", ""use_covariates"": true}",357bc23
TabPFN-TS-3,tabpfn-ts-3,autogluon/fev_datasets,fred_md_2025,12,20,-240,12,1,,1,SQL,"['MASE', {'name': 'WAPE', 'epsilon': 1.0}, {'name': 'WQL', 'epsilon': 1.0}]","[0.1, 0.2, 0.3, 0.4, 0.5, 0.6, 0.7, 0.8, 0.9]",id,timestamp,"['CPIAUCSL', 'FEDFUNDS', 'PAYEMS']",,[],"['M2REAL', 'NONBORRES', 'PPICMM', 'TOTRESNS']",[],fred_md_2025/cee,4.822992531019894,0.0,119.75959372491344,60,764e9294023ee081,False,0.7.0,4.822992531019894,5.77108104016366,0.0857970020011898,0.0738429289824919,"{""max_context_length"": 32768, ""model_path"": ""tabpfn-v3-regressor-v3_20260506_timeseries.ckpt"", ""use_covariates"": true}",357bc23
TabPFN-TS-3,tabpfn-ts-3,autogluon/fev_datasets,fred_md_2025,12,20,-240,12,1,,1,SQL,"['MASE', {'name': 'WAPE', 'epsilon': 1.0}, {'name': 'WQL', 'epsilon': 1.0}]","[0.1, 0.2, 0.3, 0.4, 0.5, 0.6, 0.7, 0.8, 0.9]",id,timestamp,"['AAA', 'AWHMAN', 'BAA', 'BUSINVx', 'CPIAUCSL', 'CPIMEDSL', 'CUMFNS', 'DMANEMP', 'EXUSUKx', 'FEDFUNDS', 'GS1', 'GS10', 'GS5', 'HOUST', 'INDPRO', 'INVEST', 'IPBUSEQ', 'IPCONGD', 'IPDCONGD', 'IPDMAT', 'IPFINAL', 'IPMANSICS', 'IPMAT', 'IPNCONGD', 'IPNMAT', 'M2REAL', 'MANEMP', 'NDMANEMP', 'NONBORRES', 'PAYEMS', 'PERMIT', 'PPICMM', 'S&P 500', 'SRVPRD', 'TB3MS', 'TB6MS', 'TOTRESNS', 'UEMP15T26', 'UEMP27OV', 'UEMP5TO14', 'UEMPLT5', 'UEMPMEAN', 'UMCSENTx', 'UNRATE', 'USCONS', 'USFIRE', 'USGOOD', 'USGOVT', 'USTPU', 'USTRADE', 'VIXCLSx']",,[],[],[],fred_md_2025/macro,6.623291752242224,0.0,2024.4443840331223,1020,764e9294023ee081,False,0.7.0,6.623291752242224,8.04535440935118,0.085066312159333,0.070834336752446,"{""max_context_length"": 32768, ""model_path"": ""tabpfn-v3-regressor-v3_20260506_timeseries.ckpt"", ""use_covariates"": true}",357bc23
TabPFN-TS-3,tabpfn-ts-3,autogluon/fev_datasets,hermes,52,1,-52,52,1,,1,SQL,"['MASE', {'name': 'WAPE', 'epsilon': 1.0}, {'name': 'WQL', 'epsilon': 1.0}]","[0.1, 0.2, 0.3, 0.4, 0.5, 0.6, 0.7, 0.8, 0.9]",id,timestamp,target,,['external'],[],"['category', 'country']",hermes,0.6188832166415184,0.0,20863.288023113,10000,e1d9809dc251e19b,False,0.7.0,0.6188832166415184,0.7883870532501273,0.0029399667564204,0.0023043540524169,"{""max_context_length"": 32768, ""model_path"": ""tabpfn-v3-regressor-v3_20260506_timeseries.ckpt"", ""use_covariates"": true}",357bc23
TabPFN-TS-3,tabpfn-ts-3,autogluon/fev_datasets,hierarchical_sales_1D,28,10,-280,28,1,,7,SQL,"['MASE', {'name': 'WAPE', 'epsilon': 1.0}, {'name': 'WQL', 'epsilon': 1.0}]","[0.1, 0.2, 0.3, 0.4, 0.5, 0.6, 0.7, 0.8, 0.9]",id,timestamp,target,,[],[],[],hierarchical_sales_1D,0.5518801120405257,0.0,2609.39201183198,1180,0ecbb4076fd5ba78,False,0.7.0,0.5518801120405257,0.6859945254167992,0.7000773590745766,0.5679830350408462,"{""max_context_length"": 32768, ""model_path"": ""tabpfn-v3-regressor-v3_20260506_timeseries.ckpt"", ""use_covariates"": true}",357bc23
TabPFN-TS-3,tabpfn-ts-3,autogluon/fev_datasets,jena_weather_10T,144,20,-2880,144,1,,144,SQL,"['MASE', {'name': 'WAPE', 'epsilon': 1.0}, {'name': 'WQL', 'epsilon': 1.0}]","[0.1, 0.2, 0.3, 0.4, 0.5, 0.6, 0.7, 0.8, 0.9]",id,timestamp,"['target_0', 'target_1', 'target_10', 'target_11', 'target_12', 'target_13', 'target_14', 'target_15', 'target_16', 'target_17', 'target_18', 'target_19', 'target_2', 'target_20', 'target_3', 'target_4', 'target_5', 'target_6', 'target_7', 'target_8', 'target_9']",,[],[],[],jena_weather_10T,0.3977691542162583,0.0,3752.890099089069,420,311a660faf591409,False,0.7.0,0.3977691542162583,0.4817599401579402,0.274556936678544,0.2249865452272112,"{""max_context_length"": 32768, ""model_path"": ""tabpfn-v3-regressor-v3_20260506_timeseries.ckpt"", ""use_covariates"": true}",357bc23
TabPFN-TS-3,tabpfn-ts-3,autogluon/fev_datasets,m5_1W,13,1,-13,13,1,,1,SQL,"['MASE', {'name': 'WAPE', 'epsilon': 1.0}, {'name': 'WQL', 'epsilon': 1.0}]","[0.1, 0.2, 0.3, 0.4, 0.5, 0.6, 0.7, 0.8, 0.9]",id,timestamp,target,,"['event_Cultural', 'event_National', 'event_Religious', 'event_Sporting', 'sell_price', 'snap_CA', 'snap_TX', 'snap_WI']",[],"['cat_id', 'dept_id', 'item_id', 'state_id', 'store_id']",m5_1W,0.9044856124191126,0.0,68272.016729438,30490,8d7cc2396f52bcbc,False,0.7.0,0.9044856124191126,1.1375061320297069,0.422991471830725,0.3343646289662474,"{""max_context_length"": 32768, ""model_path"": ""tabpfn-v3-regressor-v3_20260506_timeseries.ckpt"", ""use_covariates"": true}",357bc23
TabPFN-TS-3,tabpfn-ts-3,autogluon/fev_datasets,proenfo_gfc12,168,10,-1680,168,1,,24,SQL,"['MASE', {'name': 'WAPE', 'epsilon': 1.0}, {'name': 'WQL', 'epsilon': 1.0}]","[0.1, 0.2, 0.3, 0.4, 0.5, 0.6, 0.7, 0.8, 0.9]",id,timestamp,target,,['airtemperature'],[],[],proenfo_gfc12,0.6143894962583005,0.0,905.9330358360312,110,7c9ee0786e7de9fc,False,0.7.0,0.6143894962583005,0.7711814392673475,0.0633806559721651,0.0500168982494891,"{""max_context_length"": 32768, ""model_path"": ""tabpfn-v3-regressor-v3_20260506_timeseries.ckpt"", ""use_covariates"": true}",357bc23
TabPFN-TS-3,tabpfn-ts-3,autogluon/fev_datasets,redset_1H,24,10,-240,24,1,,24,SQL,"['MASE', {'name': 'WAPE', 'epsilon': 1.0}, {'name': 'WQL', 'epsilon': 1.0}]","[0.1, 0.2, 0.3, 0.4, 0.5, 0.6, 0.7, 0.8, 0.9]",id,timestamp,target,,[],[],['subset'],redset_1H,1.3382589717102331,0.0,3265.4271203909884,1380,a7542f5bcc8cf4ab,False,0.7.0,1.3382589717102331,1.460768270339161,0.2314472182531527,0.1889198603442845,"{""max_context_length"": 32768, ""model_path"": ""tabpfn-v3-regressor-v3_20260506_timeseries.ckpt"", ""use_covariates"": true}",357bc23
TabPFN-TS-3,tabpfn-ts-3,autogluon/fev_datasets,rohlik_orders_1D,61,5,2023-05-01T00:00:00,61,1,,7,SQL,"['MASE', {'name': 'WAPE', 'epsilon': 1.0}, {'name': 'WQL', 'epsilon': 1.0}]","[0.1, 0.2, 0.3, 0.4, 0.5, 0.6, 0.7, 0.8, 0.9]",id,timestamp,orders,,"['holiday', 'school_holidays', 'shops_closed', 'winter_school_holidays']","['blackout', 'frankfurt_shutdown', 'mini_shutdown', 'mov_change', 'precipitation', 'shutdown', 'snow', 'user_activity_1', 'user_activity_2']",[],rohlik_orders_1D,1.0524120251826534,0.0,76.91871580993757,35,1774b84125cff789,False,0.7.0,1.0524120251826534,1.3078859616743,0.0619862443376584,0.0496631721422994,"{""max_context_length"": 32768, ""model_path"": ""tabpfn-v3-regressor-v3_20260506_timeseries.ckpt"", ""use_covariates"": true}",357bc23
TabPFN-TS-3,tabpfn-ts-3,autogluon/fev_datasets,solar_1D,28,10,-280,28,1,,1,SQL,"['MASE', {'name': 'WAPE', 'epsilon': 1.0}, {'name': 'WQL', 'epsilon': 1.0}]","[0.1, 0.2, 0.3, 0.4, 0.5, 0.6, 0.7, 0.8, 0.9]",id,timestamp,target,,[],[],[],solar_1D,0.6007024118525235,0.0,2868.7226792819565,1370,4a9fb28f2a62f798,False,0.7.0,0.6007024118525235,0.7670742375642117,0.2413213911738399,0.1880496716787187,"{""max_context_length"": 32768, ""model_path"": ""tabpfn-v3-regressor-v3_20260506_timeseries.ckpt"", ""use_covariates"": true}",357bc23
TabPFN-TS-3,tabpfn-ts-3,autogluon/fev_datasets,solar_1W,13,1,-13,13,1,,1,SQL,"['MASE', {'name': 'WAPE', 'epsilon': 1.0}, {'name': 'WQL', 'epsilon': 1.0}]","[0.1, 0.2, 0.3, 0.4, 0.5, 0.6, 0.7, 0.8, 0.9]",id,timestamp,target,,[],[],[],solar_1W,0.9236835004905196,0.0,249.6103355679952,137,856de5fa702db186,False,0.7.0,0.9236835004905196,1.2447027929162924,0.2100177617203857,0.1550785172637096,"{""max_context_length"": 32768, ""model_path"": ""tabpfn-v3-regressor-v3_20260506_timeseries.ckpt"", ""use_covariates"": true}",357bc23
TabPFN-TS-3,tabpfn-ts-3,autogluon/fev_datasets,solar_with_weather_1H,24,20,-480,24,1,,24,SQL,"['MASE', {'name': 'WAPE', 'epsilon': 1.0}, {'name': 'WQL', 'epsilon': 1.0}]","[0.1, 0.2, 0.3, 0.4, 0.5, 0.6, 0.7, 0.8, 0.9]",id,timestamp,target,,"['day_length', 'humidity', 'pressure', 'rain_1h', 'snow_1h', 'temp', 'wind_speed']","['clouds_all', 'global_horizontal_irradiance']",[],solar_with_weather_1H,0.659572154348475,0.0,164.10231131498583,20,1ae39ff7d1aba62c,False,0.7.0,0.659572154348475,0.8375798525592948,0.910297995476334,0.7636241324911776,"{""max_context_length"": 32768, ""model_path"": ""tabpfn-v3-regressor-v3_20260506_timeseries.ckpt"", ""use_covariates"": true}",357bc23
TabPFN-TS-3,tabpfn-ts-3,autogluon/fev_datasets,uk_covid_nation_1W,8,4,-32,8,1,,1,SQL,"['MASE', {'name': 'WAPE', 'epsilon': 1.0}, {'name': 'WQL', 'epsilon': 1.0}]","[0.1, 0.2, 0.3, 0.4, 0.5, 0.6, 0.7, 0.8, 0.9]",id,timestamp,"['new_admissions', 'new_cases', 'new_deaths']",,[],"['hospital_cases', 'icu_ventilator_occupancy', 'new_vaccinated_1', 'new_vaccinated_2', 'new_vaccinated_3']",[],uk_covid_nation_1W/new,4.783832272198365,0.0,90.07948423398192,48,c1544674699f895d,False,0.7.0,4.783832272198365,5.771059779264955,0.60628106297295,0.487984436282905,"{""max_context_length"": 32768, ""model_path"": ""tabpfn-v3-regressor-v3_20260506_timeseries.ckpt"", ""use_covariates"": true}",357bc23
TabPFN-TS-3,tabpfn-ts-3,autogluon/fev_datasets,us_consumption_1Y,5,10,-50,5,1,,1,SQL,"['MASE', {'name': 'WAPE', 'epsilon': 1.0}, {'name': 'WQL', 'epsilon': 1.0}]","[0.1, 0.2, 0.3, 0.4, 0.5, 0.6, 0.7, 0.8, 0.9]",id,timestamp,target,,[],[],[],us_consumption_1Y,4.806978918828855,0.0,530.9714045939909,310,941764347d4458f0,False,0.7.0,4.806978918828855,5.710822812103087,0.1012020086053053,0.0801416870420184,"{""max_context_length"": 32768, ""model_path"": ""tabpfn-v3-regressor-v3_20260506_timeseries.ckpt"", ""use_covariates"": true}",357bc23
TabPFN-TS-3,tabpfn-ts-3,autogluon/fev_datasets,world_tourism,5,2,-10,5,1,,1,SQL,"['MASE', {'name': 'WAPE', 'epsilon': 1.0}, {'name': 'WQL', 'epsilon': 1.0}]","[0.1, 0.2, 0.3, 0.4, 0.5, 0.6, 0.7, 0.8, 0.9]",id,timestamp,target,,[],[],[],world_tourism,3.149344762337055,0.0,593.8369022609841,356,0dbaf8acdb03871f,False,0.7.0,3.149344762337055,3.724885078963816,0.1035236589527577,0.0813469443142257,"{""max_context_length"": 32768, ""model_path"": ""tabpfn-v3-regressor-v3_20260506_timeseries.ckpt"", ""use_covariates"": true}",357bc23
TabPFN-TS-3,tabpfn-ts-3,autogluon/fev_datasets,ETT_15T,96,20,-1920,96,1,,96,SQL,"['MASE', {'name': 'WAPE', 'epsilon': 1.0}, {'name': 'WQL', 'epsilon': 1.0}]","[0.1, 0.2, 0.3, 0.4, 0.5, 0.6, 0.7, 0.8, 0.9]",id,timestamp,"['HUFL', 'HULL', 'LUFL', 'LULL', 'MUFL', 'MULL', 'OT']",,[],[],[],ETT_15T,0.6259993762577944,0.0,2622.881504253018,280,8cb2ab653e6a502b,False,0.7.0,0.6259993762577944,0.793677643151081,0.1277055473232923,0.1008164756688193,"{""max_context_length"": 32768, ""model_path"": ""tabpfn-v3-regressor-v3_20260506_timeseries.ckpt"", ""use_covariates"": true}",357bc23
TabPFN-TS-3,tabpfn-ts-3,autogluon/fev_datasets,LOOP_SEATTLE_1D,28,10,-280,28,1,,7,SQL,"['MASE', {'name': 'WAPE', 'epsilon': 1.0}, {'name': 'WQL', 'epsilon': 1.0}]","[0.1, 0.2, 0.3, 0.4, 0.5, 0.6, 0.7, 0.8, 0.9]",id,timestamp,target,,[],[],[],LOOP_SEATTLE_1D,0.769406149436554,0.0,6828.713058815978,3230,02d7b9f04d1c3187,False,0.7.0,0.769406149436554,0.9438379691476998,0.0357774658359257,0.029113317812325,"{""max_context_length"": 32768, ""model_path"": ""tabpfn-v3-regressor-v3_20260506_timeseries.ckpt"", ""use_covariates"": true}",357bc23
TabPFN-TS-3,tabpfn-ts-3,autogluon/fev_datasets,M_DENSE_1D,28,10,-280,28,1,,7,SQL,"['MASE', {'name': 'WAPE', 'epsilon': 1.0}, {'name': 'WQL', 'epsilon': 1.0}]","[0.1, 0.2, 0.3, 0.4, 0.5, 0.6, 0.7, 0.8, 0.9]",id,timestamp,target,,[],[],[],M_DENSE_1D,0.7565055270675693,0.0,683.1093062409782,300,12417cabd3e820d7,False,0.7.0,0.7565055270675693,0.9191123276584352,0.093351624720203,0.0779291246383927,"{""max_context_length"": 32768, ""model_path"": ""tabpfn-v3-regressor-v3_20260506_timeseries.ckpt"", ""use_covariates"": true}",357bc23
TabPFN-TS-3,tabpfn-ts-3,autogluon/fev_datasets,SZ_TAXI_1H,168,2,-336,168,1,,24,SQL,"['MASE', {'name': 'WAPE', 'epsilon': 1.0}, {'name': 'WQL', 'epsilon': 1.0}]","[0.1, 0.2, 0.3, 0.4, 0.5, 0.6, 0.7, 0.8, 0.9]",id,timestamp,target,,[],[],[],SZ_TAXI_1H,0.4065244279086497,0.0,695.0655191419937,312,7c28d9c08a8a99d2,False,0.7.0,0.4065244279086497,0.4996925514889351,0.1673777185967798,0.1364035796594594,"{""max_context_length"": 32768, ""model_path"": ""tabpfn-v3-regressor-v3_20260506_timeseries.ckpt"", ""use_covariates"": true}",357bc23
TabPFN-TS-3,tabpfn-ts-3,autogluon/fev_datasets,boomlet_1225,60,20,-1200,60,1,,1440,SQL,"['MASE', {'name': 'WAPE', 'epsilon': 1.0}, {'name': 'WQL', 'epsilon': 1.0}]","[0.1, 0.2, 0.3, 0.4, 0.5, 0.6, 0.7, 0.8, 0.9]",id,timestamp,"['target_0', 'target_1', 'target_10', 'target_11', 'target_12', 'target_13', 'target_14', 'target_15', 'target_16', 'target_17', 'target_18', 'target_19', 'target_2', 'target_20', 'target_21', 'target_22', 'target_23', 'target_24', 'target_25', 'target_26', 'target_27', 'target_28', 'target_29', 'target_3', 'target_30', 'target_31', 'target_32', 'target_33', 'target_34', 'target_35', 'target_36', 'target_37', 'target_38', 'target_39', 'target_4', 'target_40', 'target_41', 'target_42', 'target_43', 'target_44', 'target_45', 'target_46', 'target_47', 'target_48', 'target_5', 'target_6', 'target_7', 'target_8', 'target_9']",,[],[],[],boomlet_1225,0.1993979833643002,0.0,4754.9466577970015,980,e054f8c6bf020ac0,False,0.7.0,0.1993979833643002,0.2482808495726347,0.1301235219108324,0.104774613205639,"{""max_context_length"": 32768, ""model_path"": ""tabpfn-v3-regressor-v3_20260506_timeseries.ckpt"", ""use_covariates"": true}",357bc23
TabPFN-TS-3,tabpfn-ts-3,autogluon/fev_datasets,boomlet_1975,24,20,-480,24,1,,24,SQL,"['MASE', {'name': 'WAPE', 'epsilon': 1.0}, {'name': 'WQL', 'epsilon': 1.0}]","[0.1, 0.2, 0.3, 0.4, 0.5, 0.6, 0.7, 0.8, 0.9]",id,timestamp,"['target_0', 'target_1', 'target_10', 'target_11', 'target_12', 'target_13', 'target_14', 'target_15', 'target_16', 'target_17', 'target_18', 'target_19', 'target_2', 'target_20', 'target_21', 'target_22', 'target_23', 'target_24', 'target_25', 'target_26', 'target_27', 'target_28', 'target_29', 'target_3', 'target_30', 'target_31', 'target_32', 'target_33', 'target_34', 'target_35', 'target_36', 'target_37', 'target_38', 'target_39', 'target_4', 'target_40', 'target_41', 'target_42', 'target_43', 'target_44', 'target_45', 'target_46', 'target_47', 'target_48', 'target_49', 'target_5', 'target_50', 'target_51', 'target_52', 'target_53', 'target_54', 'target_55', 'target_56', 'target_57', 'target_58', 'target_59', 'target_6', 'target_60', 'target_61', 'target_62', 'target_63', 'target_64', 'target_65', 'target_66', 'target_67', 'target_68', 'target_69', 'target_7', 'target_70', 'target_71', 'target_72', 'target_73', 'target_74', 'target_8', 'target_9']",,[],[],[],boomlet_1975,0.2513555927780582,0.0,4261.502345415007,1500,6e1d9424c5ab2214,False,0.7.0,0.2513555927780582,0.3057768255460699,0.1695218930357366,0.1398090383735634,"{""max_context_length"": 32768, ""model_path"": ""tabpfn-v3-regressor-v3_20260506_timeseries.ckpt"", ""use_covariates"": true}",357bc23
TabPFN-TS-3,tabpfn-ts-3,autogluon/fev_datasets,entsoe_15T,96,20,-1920,96,1,,96,SQL,"['MASE', {'name': 'WAPE', 'epsilon': 1.0}, {'name': 'WQL', 'epsilon': 1.0}]","[0.1, 0.2, 0.3, 0.4, 0.5, 0.6, 0.7, 0.8, 0.9]",id,timestamp,target,,"['radiation_diffuse_horizontal', 'radiation_direct_horizontal', 'temperature']",[],[],entsoe_15T,0.6477114252819485,0.0,1149.7343113379902,120,4e80c208c8b54e76,False,0.7.0,0.6477114252819485,0.7863095468387914,0.0612814009508786,0.0520785391352681,"{""max_context_length"": 32768, ""model_path"": ""tabpfn-v3-regressor-v3_20260506_timeseries.ckpt"", ""use_covariates"": true}",357bc23
TabPFN-TS-3,tabpfn-ts-3,autogluon/fev_datasets,entsoe_1H,168,20,-3360,168,1,,24,SQL,"['MASE', {'name': 'WAPE', 'epsilon': 1.0}, {'name': 'WQL', 'epsilon': 1.0}]","[0.1, 0.2, 0.3, 0.4, 0.5, 0.6, 0.7, 0.8, 0.9]",id,timestamp,target,,"['radiation_diffuse_horizontal', 'radiation_direct_horizontal', 'temperature']",[],[],entsoe_1H,0.384830535154666,0.0,1108.0088007120355,120,a900217b9207dc1a,False,0.7.0,0.384830535154666,0.4866813449649518,0.0318311435642059,0.025239896577241,"{""max_context_length"": 32768, ""model_path"": ""tabpfn-v3-regressor-v3_20260506_timeseries.ckpt"", ""use_covariates"": true}",357bc23
TabPFN-TS-3,tabpfn-ts-3,autogluon/fev_datasets,epf_np,24,20,-480,24,1,,24,SQL,"['MASE', {'name': 'WAPE', 'epsilon': 1.0}, {'name': 'WQL', 'epsilon': 1.0}]","[0.1, 0.2, 0.3, 0.4, 0.5, 0.6, 0.7, 0.8, 0.9]",id,timestamp,target,,"['Grid load forecast', 'Wind power forecast']",[],[],epf_np,0.6326802888048368,0.0,188.2933576880314,20,269b47960e0cd2ad,False,0.7.0,0.6326802888048368,0.7829914400614069,0.0354932686159747,0.0286831665771985,"{""max_context_length"": 32768, ""model_path"": ""tabpfn-v3-regressor-v3_20260506_timeseries.ckpt"", ""use_covariates"": true}",357bc23
TabPFN-TS-3,tabpfn-ts-3,autogluon/fev_datasets,epf_pjm,24,20,-480,24,1,,24,SQL,"['MASE', {'name': 'WAPE', 'epsilon': 1.0}, {'name': 'WQL', 'epsilon': 1.0}]","[0.1, 0.2, 0.3, 0.4, 0.5, 0.6, 0.7, 0.8, 0.9]",id,timestamp,target,,"['System load forecast', 'Zonal COMED load foecast']",[],[],epf_pjm,0.3821325591298794,0.0,172.76288446903345,20,7087b94a370e1baa,False,0.7.0,0.3821325591298794,0.4720625830563789,0.0825470313216668,0.0666314027281418,"{""max_context_length"": 32768, ""model_path"": ""tabpfn-v3-regressor-v3_20260506_timeseries.ckpt"", ""use_covariates"": true}",357bc23
TabPFN-TS-3,tabpfn-ts-3,autogluon/fev_datasets,hospital_admissions_1W,13,16,-208,13,1,,1,SQL,"['MASE', {'name': 'WAPE', 'epsilon': 1.0}, {'name': 'WQL', 'epsilon': 1.0}]","[0.1, 0.2, 0.3, 0.4, 0.5, 0.6, 0.7, 0.8, 0.9]",id,timestamp,target,,[],[],[],hospital_admissions_1W,0.5814975220067113,0.0,262.9095284300565,128,70ba34804e0de04d,False,0.7.0,0.5814975220067113,0.7544663325204308,0.2123995832706636,0.1637294128599395,"{""max_context_length"": 32768, ""model_path"": ""tabpfn-v3-regressor-v3_20260506_timeseries.ckpt"", ""use_covariates"": true}",357bc23
TabPFN-TS-3,tabpfn-ts-3,autogluon/fev_datasets,jena_weather_1D,28,11,-308,28,1,,1,SQL,"['MASE', {'name': 'WAPE', 'epsilon': 1.0}, {'name': 'WQL', 'epsilon': 1.0}]","[0.1, 0.2, 0.3, 0.4, 0.5, 0.6, 0.7, 0.8, 0.9]",id,timestamp,"['target_0', 'target_1', 'target_10', 'target_11', 'target_12', 'target_13', 'target_14', 'target_15', 'target_16', 'target_17', 'target_18', 'target_19', 'target_2', 'target_20', 'target_3', 'target_4', 'target_5', 'target_6', 'target_7', 'target_8', 'target_9']",,[],[],[],jena_weather_1D,1.1431718457152311,0.0,496.0786705820356,231,81a9d748210aa612,False,0.7.0,1.1431718457152311,1.4563000346443564,0.2883526172944854,0.2310330886224535,"{""max_context_length"": 32768, ""model_path"": ""tabpfn-v3-regressor-v3_20260506_timeseries.ckpt"", ""use_covariates"": true}",357bc23
TabPFN-TS-3,tabpfn-ts-3,autogluon/fev_datasets,jena_weather_1H,24,20,-480,24,1,,24,SQL,"['MASE', {'name': 'WAPE', 'epsilon': 1.0}, {'name': 'WQL', 'epsilon': 1.0}]","[0.1, 0.2, 0.3, 0.4, 0.5, 0.6, 0.7, 0.8, 0.9]",id,timestamp,"['target_0', 'target_1', 'target_10', 'target_11', 'target_12', 'target_13', 'target_14', 'target_15', 'target_16', 'target_17', 'target_18', 'target_19', 'target_2', 'target_20', 'target_3', 'target_4', 'target_5', 'target_6', 'target_7', 'target_8', 'target_9']",,[],[],[],jena_weather_1H,0.428629334578385,0.0,1434.421274029999,420,8eb1d310607e8fee,False,0.7.0,0.428629334578385,0.5282781361083098,0.2720920265802741,0.2207381037462216,"{""max_context_length"": 32768, ""model_path"": ""tabpfn-v3-regressor-v3_20260506_timeseries.ckpt"", ""use_covariates"": true}",357bc23
TabPFN-TS-3,tabpfn-ts-3,autogluon/fev_datasets,kdd_cup_2022_10T,288,10,-2880,288,1,,144,SQL,"['MASE', {'name': 'WAPE', 'epsilon': 1.0}, {'name': 'WQL', 'epsilon': 1.0}]","[0.1, 0.2, 0.3, 0.4, 0.5, 0.6, 0.7, 0.8, 0.9]",id,timestamp,Patv,,[],"['Etmp', 'Itmp', 'Ndir', 'Pab1', 'Pab2', 'Pab3', 'Prtv', 'Wdir', 'Wspd']",[],kdd_cup_2022_10T,0.4559395274289512,0.0,12152.708928408014,1340,571bae673e4dccdd,False,0.7.0,0.4559395274289512,0.5605745495869143,1.9850237852251584,1.672279038449243,"{""max_context_length"": 32768, ""model_path"": ""tabpfn-v3-regressor-v3_20260506_timeseries.ckpt"", ""use_covariates"": true}",357bc23
TabPFN-TS-3,tabpfn-ts-3,autogluon/fev_datasets,kdd_cup_2022_1D,14,10,-140,14,1,,1,SQL,"['MASE', {'name': 'WAPE', 'epsilon': 1.0}, {'name': 'WQL', 'epsilon': 1.0}]","[0.1, 0.2, 0.3, 0.4, 0.5, 0.6, 0.7, 0.8, 0.9]",id,timestamp,Patv,,[],"['Etmp', 'Itmp', 'Ndir', 'Pab1', 'Pab2', 'Pab3', 'Prtv', 'Wdir', 'Wspd']",[],kdd_cup_2022_1D,0.7090888044750191,0.0,2829.5143468640017,1340,739c6625d30e6169,False,0.7.0,0.7090888044750191,0.9087696453142,0.7280128026486745,0.5664458017834574,"{""max_context_length"": 32768, ""model_path"": ""tabpfn-v3-regressor-v3_20260506_timeseries.ckpt"", ""use_covariates"": true}",357bc23
TabPFN-TS-3,tabpfn-ts-3,autogluon/fev_datasets,m5_1M,12,1,-12,12,6,,12,SQL,"['MASE', {'name': 'WAPE', 'epsilon': 1.0}, {'name': 'WQL', 'epsilon': 1.0}]","[0.1, 0.2, 0.3, 0.4, 0.5, 0.6, 0.7, 0.8, 0.9]",id,timestamp,target,,"['event_Cultural', 'event_National', 'event_Religious', 'event_Sporting', 'sell_price', 'snap_CA', 'snap_TX', 'snap_WI']",[],"['cat_id', 'dept_id', 'item_id', 'state_id', 'store_id']",m5_1M,0.9855240728785152,0.0,60825.214768161,29364,5d40840afc423bdf,False,0.7.0,0.9855240728785152,1.159934298192849,0.4225071820387371,0.3375876335222311,"{""max_context_length"": 32768, ""model_path"": ""tabpfn-v3-regressor-v3_20260506_timeseries.ckpt"", ""use_covariates"": true}",357bc23
TabPFN-TS-3,tabpfn-ts-3,autogluon/fev_datasets,proenfo_gfc17,168,20,-3360,168,1,,24,SQL,"['MASE', {'name': 'WAPE', 'epsilon': 1.0}, {'name': 'WQL', 'epsilon': 1.0}]","[0.1, 0.2, 0.3, 0.4, 0.5, 0.6, 0.7, 0.8, 0.9]",id,timestamp,target,,['airtemperature'],[],[],proenfo_gfc17,0.5278615771564448,0.0,745.1861447429692,160,2c63b48ca8f6dd9a,False,0.7.0,0.5278615771564448,0.666201969562011,0.043229257865868,0.0342982410932926,"{""max_context_length"": 32768, ""model_path"": ""tabpfn-v3-regressor-v3_20260506_timeseries.ckpt"", ""use_covariates"": true}",357bc23
TabPFN-TS-3,tabpfn-ts-3,autogluon/fev_datasets,redset_15T,96,10,-960,96,1,,96,SQL,"['MASE', {'name': 'WAPE', 'epsilon': 1.0}, {'name': 'WQL', 'epsilon': 1.0}]","[0.1, 0.2, 0.3, 0.4, 0.5, 0.6, 0.7, 0.8, 0.9]",id,timestamp,target,,[],[],['subset'],redset_15T,1.208107811159514,0.0,4200.631939925035,1260,391e616eee276356,False,0.7.0,1.208107811159514,2.147678645724801,0.2962388039321681,0.2367960634074943,"{""max_context_length"": 32768, ""model_path"": ""tabpfn-v3-regressor-v3_20260506_timeseries.ckpt"", ""use_covariates"": true}",357bc23
TabPFN-TS-3,tabpfn-ts-3,autogluon/fev_datasets,rohlik_sales_1D,14,1,2023-12-15T00:00:00,14,14,,7,SQL,"['MASE', {'name': 'WAPE', 'epsilon': 1.0}, {'name': 'WQL', 'epsilon': 1.0}]","[0.1, 0.2, 0.3, 0.4, 0.5, 0.6, 0.7, 0.8, 0.9]",id,timestamp,sales,,"['holiday', 'school_holidays', 'sell_price_main', 'shops_closed', 'total_orders', 'type_0_discount', 'type_1_discount', 'type_2_discount', 'type_3_discount', 'type_4_discount', 'type_5_discount', 'type_6_discount', 'winter_school_holidays']",['availability'],"['L1_category_name_en', 'L2_category_name_en', 'L3_category_name_en', 'L4_category_name_en', 'name', 'product_unique_id', 'warehouse']",rohlik_sales_1D,0.8988259978130893,0.0,9743.638042314997,4116,c475daf9af96ed16,False,0.7.0,0.8988259978130893,1.1145892715565178,0.2743435567487366,0.2197726190012544,"{""max_context_length"": 32768, ""model_path"": ""tabpfn-v3-regressor-v3_20260506_timeseries.ckpt"", ""use_covariates"": true}",357bc23
TabPFN-TS-3,tabpfn-ts-3,autogluon/fev_datasets,rossmann_1D,48,10,-480,48,1,,7,SQL,"['MASE', {'name': 'WAPE', 'epsilon': 1.0}, {'name': 'WQL', 'epsilon': 1.0}]","[0.1, 0.2, 0.3, 0.4, 0.5, 0.6, 0.7, 0.8, 0.9]",id,timestamp,Sales,,"['DayOfWeek', 'Open', 'Promo', 'SchoolHoliday', 'StateHoliday']",['Customers'],"['Assortment', 'CompetitionDistance', 'CompetitionOpenSinceMonth', 'CompetitionOpenSinceYear', 'Promo2', 'Promo2SinceWeek', 'Promo2SinceYear', 'PromoInterval', 'Store', 'StoreType']",rossmann_1D,0.2454697484253374,0.0,26143.818106680992,11150,29ae5d8fec87a1fd,False,0.7.0,0.2454697484253374,0.3070503298643624,0.102186158692958,0.0817942555484106,"{""max_context_length"": 32768, ""model_path"": ""tabpfn-v3-regressor-v3_20260506_timeseries.ckpt"", ""use_covariates"": true}",357bc23
TabPFN-TS-3,tabpfn-ts-3,autogluon/fev_datasets,uci_air_quality_1D,28,11,-308,28,1,,7,SQL,"['MASE', {'name': 'WAPE', 'epsilon': 1.0}, {'name': 'WQL', 'epsilon': 1.0}]","[0.1, 0.2, 0.3, 0.4, 0.5, 0.6, 0.7, 0.8, 0.9]",id,timestamp,"['C6H6(GT)', 'CO(GT)', 'NO2(GT)', 'NOx(GT)']",,"['AH', 'RH', 'T']",[],[],uci_air_quality_1D,1.1473333665953895,0.0,98.04226036887847,44,2ef57ff0fd03a862,False,0.7.0,1.1473333665953895,1.4562270924327982,0.2975767182200168,0.2329372954708455,"{""max_context_length"": 32768, ""model_path"": ""tabpfn-v3-regressor-v3_20260506_timeseries.ckpt"", ""use_covariates"": true}",357bc23
TabPFN-TS-3,tabpfn-ts-3,autogluon/fev_datasets,uk_covid_nation_1D,28,20,-560,28,1,,7,SQL,"['MASE', {'name': 'WAPE', 'epsilon': 1.0}, {'name': 'WQL', 'epsilon': 1.0}]","[0.1, 0.2, 0.3, 0.4, 0.5, 0.6, 0.7, 0.8, 0.9]",id,timestamp,"['new_admissions', 'new_cases', 'new_deaths']",,[],"['hospital_cases', 'icu_ventilator_occupancy', 'new_vaccinated_1', 'new_vaccinated_2', 'new_vaccinated_3']",[],uk_covid_nation_1D/new,2.070670880901013,0.0,500.6649595879135,240,dae0212e3fa73904,False,0.7.0,2.070670880901013,2.453713596231485,0.3902561374163686,0.312514273939659,"{""max_context_length"": 32768, ""model_path"": ""tabpfn-v3-regressor-v3_20260506_timeseries.ckpt"", ""use_covariates"": true}",357bc23
TabPFN-TS-3,tabpfn-ts-3,autogluon/fev_datasets,uk_covid_nation_1W,8,4,-32,8,1,,1,SQL,"['MASE', {'name': 'WAPE', 'epsilon': 1.0}, {'name': 'WQL', 'epsilon': 1.0}]","[0.1, 0.2, 0.3, 0.4, 0.5, 0.6, 0.7, 0.8, 0.9]",id,timestamp,"['cumulative_admissions', 'cumulative_cases', 'cumulative_deaths']",,[],"['cumulative_vaccinated_1', 'cumulative_vaccinated_2', 'cumulative_vaccinated_3', 'hospital_cases', 'icu_ventilator_occupancy']",[],uk_covid_nation_1W/cumulative,3.478265278516526,0.0,87.63456264801789,48,c1544674699f895d,False,0.7.0,3.478265278516526,4.223682309948068,0.035403900861431,0.0307758553215606,"{""max_context_length"": 32768, ""model_path"": ""tabpfn-v3-regressor-v3_20260506_timeseries.ckpt"", ""use_covariates"": true}",357bc23
TabPFN-TS-3,tabpfn-ts-3,autogluon/fev_datasets,uk_covid_utla_1W,13,5,-65,13,1,,1,SQL,"['MASE', {'name': 'WAPE', 'epsilon': 1.0}, {'name': 'WQL', 'epsilon': 1.0}]","[0.1, 0.2, 0.3, 0.4, 0.5, 0.6, 0.7, 0.8, 0.9]",id,timestamp,cumulative_cases,,[],[],[],uk_covid_utla_1W/cumulative,18.931947156353665,0.0,1934.898520962015,1070,35d7c01fd444e4fd,False,0.7.0,18.931947156353665,20.966000509671368,0.2022027658439091,0.1835595173671416,"{""max_context_length"": 32768, ""model_path"": ""tabpfn-v3-regressor-v3_20260506_timeseries.ckpt"", ""use_covariates"": true}",357bc23
TabPFN-TS-3,tabpfn-ts-3,autogluon/fev_datasets,world_life_expectancy,5,10,-50,5,1,,1,SQL,"['MASE', {'name': 'WAPE', 'epsilon': 1.0}, {'name': 'WQL', 'epsilon': 1.0}]","[0.1, 0.2, 0.3, 0.4, 0.5, 0.6, 0.7, 0.8, 0.9]",id,timestamp,target,,[],[],[],world_life_expectancy,1.189770678276218,0.0,4273.202538882004,2370,fa80fb81a8121b97,False,0.7.0,1.189770678276218,1.4349917896120743,0.0111982919396723,0.0093578142526184,"{""max_context_length"": 32768, ""model_path"": ""tabpfn-v3-regressor-v3_20260506_timeseries.ckpt"", ""use_covariates"": true}",357bc23
TabPFN-TS-3,tabpfn-ts-3,autogluon/fev_datasets,ETT_1H,168,20,-3360,168,1,,24,SQL,"['MASE', {'name': 'WAPE', 'epsilon': 1.0}, {'name': 'WQL', 'epsilon': 1.0}]","[0.1, 0.2, 0.3, 0.4, 0.5, 0.6, 0.7, 0.8, 0.9]",id,timestamp,"['HUFL', 'HULL', 'LUFL', 'LULL', 'MUFL', 'MULL', 'OT']",,[],[],[],ETT_1H,0.907989659042604,0.0,1305.8142825150571,280,305bfc1cf6779b47,False,0.7.0,0.907989659042604,1.1738904930964569,0.2587453255658147,0.1991839804884336,"{""max_context_length"": 32768, ""model_path"": ""tabpfn-v3-regressor-v3_20260506_timeseries.ckpt"", ""use_covariates"": true}",357bc23
TabPFN-TS-3,tabpfn-ts-3,autogluon/fev_datasets,australian_tourism,8,2,-16,8,1,,4,SQL,"['MASE', {'name': 'WAPE', 'epsilon': 1.0}, {'name': 'WQL', 'epsilon': 1.0}]","[0.1, 0.2, 0.3, 0.4, 0.5, 0.6, 0.7, 0.8, 0.9]",id,timestamp,target,,[],[],[],australian_tourism,0.694850137522321,0.0,329.5167272549879,178,e3e704ef830bb1f4,False,0.7.0,0.694850137522321,0.878514946676819,0.0926205644584735,0.073639417171522,"{""max_context_length"": 32768, ""model_path"": ""tabpfn-v3-regressor-v3_20260506_timeseries.ckpt"", ""use_covariates"": true}",357bc23
TabPFN-TS-3,tabpfn-ts-3,autogluon/fev_datasets,bizitobs_l2c_1H,24,20,-480,24,1,,24,SQL,"['MASE', {'name': 'WAPE', 'epsilon': 1.0}, {'name': 'WQL', 'epsilon': 1.0}]","[0.1, 0.2, 0.3, 0.4, 0.5, 0.6, 0.7, 0.8, 0.9]",id,timestamp,"['target_0', 'target_1', 'target_2', 'target_3', 'target_4', 'target_5', 'target_6']",,[],[],[],bizitobs_l2c_1H,0.3744721404206648,0.0,358.5341368010268,140,fd3fb3349ee15a22,False,0.7.0,0.3744721404206648,0.4713277289196166,0.3647902085633162,0.2891392135182087,"{""max_context_length"": 32768, ""model_path"": ""tabpfn-v3-regressor-v3_20260506_timeseries.ckpt"", ""use_covariates"": true}",357bc23
TabPFN-TS-3,tabpfn-ts-3,autogluon/fev_datasets,boomlet_1209,288,20,-5760,288,1,,288,SQL,"['MASE', {'name': 'WAPE', 'epsilon': 1.0}, {'name': 'WQL', 'epsilon': 1.0}]","[0.1, 0.2, 0.3, 0.4, 0.5, 0.6, 0.7, 0.8, 0.9]",id,timestamp,"['target_0', 'target_1', 'target_10', 'target_11', 'target_12', 'target_13', 'target_14', 'target_15', 'target_16', 'target_17', 'target_18', 'target_19', 'target_2', 'target_20', 'target_21', 'target_22', 'target_23', 'target_24', 'target_25', 'target_26', 'target_27', 'target_28', 'target_29', 'target_3', 'target_30', 'target_31', 'target_32', 'target_33', 'target_34', 'target_35', 'target_36', 'target_37', 'target_38', 'target_39', 'target_4', 'target_40', 'target_41', 'target_42', 'target_43', 'target_44', 'target_45', 'target_46', 'target_47', 'target_48', 'target_49', 'target_5', 'target_50', 'target_51', 'target_52', 'target_6', 'target_7', 'target_8', 'target_9']",,[],[],[],boomlet_1209,0.7682483989129945,0.0,4672.243572061023,1060,fc732419f4257b0c,False,0.7.0,0.7682483989129945,0.9085046653002344,0.3248116366226868,0.2787792943876104,"{""max_context_length"": 32768, ""model_path"": ""tabpfn-v3-regressor-v3_20260506_timeseries.ckpt"", ""use_covariates"": true}",357bc23
TabPFN-TS-3,tabpfn-ts-3,autogluon/fev_datasets,boomlet_1676,96,20,-1920,96,1,,48,SQL,"['MASE', {'name': 'WAPE', 'epsilon': 1.0}, {'name': 'WQL', 'epsilon': 1.0}]","[0.1, 0.2, 0.3, 0.4, 0.5, 0.6, 0.7, 0.8, 0.9]",id,timestamp,"['target_0', 'target_1', 'target_10', 'target_11', 'target_12', 'target_13', 'target_14', 'target_15', 'target_16', 'target_17', 'target_18', 'target_19', 'target_2', 'target_20', 'target_21', 'target_22', 'target_23', 'target_24', 'target_25', 'target_26', 'target_27', 'target_28', 'target_29', 'target_3', 'target_30', 'target_31', 'target_32', 'target_33', 'target_34', 'target_35', 'target_36', 'target_37', 'target_38', 'target_39', 'target_4', 'target_40', 'target_41', 'target_42', 'target_43', 'target_44', 'target_45', 'target_46', 'target_47', 'target_48', 'target_49', 'target_5', 'target_50', 'target_51', 'target_52', 'target_53', 'target_54', 'target_55', 'target_56', 'target_57', 'target_58', 'target_59', 'target_6', 'target_60', 'target_61', 'target_62', 'target_63', 'target_64', 'target_65', 'target_66', 'target_67', 'target_68', 'target_69', 'target_7', 'target_70', 'target_71', 'target_72', 'target_73', 'target_74', 'target_75', 'target_76', 'target_77', 'target_78', 'target_79', 'target_8', 'target_80', 'target_81', 'target_82', 'target_83', 'target_84', 'target_85', 'target_86', 'target_87', 'target_88', 'target_89', 'target_9', 'target_90', 'target_91', 'target_92', 'target_93', 'target_94', 'target_95', 'target_96', 'target_97', 'target_98', 'target_99']",,[],[],[],boomlet_1676,0.6016652104370287,0.0,7192.301233331018,2000,083dfc140fd4b463,False,0.7.0,0.6016652104370287,0.7339912071494414,0.3299388012031961,0.2611497048725296,"{""max_context_length"": 32768, ""model_path"": ""tabpfn-v3-regressor-v3_20260506_timeseries.ckpt"", ""use_covariates"": true}",357bc23
TabPFN-TS-3,tabpfn-ts-3,autogluon/fev_datasets,boomlet_619,60,20,-1200,60,1,,1440,SQL,"['MASE', {'name': 'WAPE', 'epsilon': 1.0}, {'name': 'WQL', 'epsilon': 1.0}]","[0.1, 0.2, 0.3, 0.4, 0.5, 0.6, 0.7, 0.8, 0.9]",id,timestamp,"['target_0', 'target_1', 'target_10', 'target_11', 'target_12', 'target_13', 'target_14', 'target_15', 'target_16', 'target_17', 'target_18', 'target_19', 'target_2', 'target_20', 'target_21', 'target_22', 'target_23', 'target_24', 'target_25', 'target_26', 'target_27', 'target_28', 'target_29', 'target_3', 'target_30', 'target_31', 'target_32', 'target_33', 'target_34', 'target_35', 'target_36', 'target_37', 'target_38', 'target_39', 'target_4', 'target_40', 'target_41', 'target_42', 'target_43', 'target_44', 'target_45', 'target_46', 'target_47', 'target_48', 'target_49', 'target_5', 'target_50', 'target_51', 'target_6', 'target_7', 'target_8', 'target_9']",,[],[],[],boomlet_619,0.3261909539290346,0.0,4747.379040563072,1040,2d774f07b3096707,False,0.7.0,0.3261909539290346,0.4300836368012588,0.3044973830847295,0.2317217825076673,"{""max_context_length"": 32768, ""model_path"": ""tabpfn-v3-regressor-v3_20260506_timeseries.ckpt"", ""use_covariates"": true}",357bc23
TabPFN-TS-3,tabpfn-ts-3,autogluon/fev_datasets,boomlet_963,60,20,-1200,60,1,,1440,SQL,"['MASE', {'name': 'WAPE', 'epsilon': 1.0}, {'name': 'WQL', 'epsilon': 1.0}]","[0.1, 0.2, 0.3, 0.4, 0.5, 0.6, 0.7, 0.8, 0.9]",id,timestamp,"['target_0', 'target_1', 'target_10', 'target_11', 'target_12', 'target_13', 'target_14', 'target_15', 'target_16', 'target_17', 'target_18', 'target_19', 'target_2', 'target_20', 'target_21', 'target_22', 'target_23', 'target_24', 'target_25', 'target_26', 'target_27', 'target_3', 'target_4', 'target_5', 'target_6', 'target_7', 'target_8', 'target_9']",,[],[],[],boomlet_963,0.7862284241523283,0.0,2742.1997721180087,560,078a1fcb7a454b72,False,0.7.0,0.7862284241523283,0.9157018587749404,0.4326284188996913,0.3554307158649718,"{""max_context_length"": 32768, ""model_path"": ""tabpfn-v3-regressor-v3_20260506_timeseries.ckpt"", ""use_covariates"": true}",357bc23
TabPFN-TS-3,tabpfn-ts-3,autogluon/fev_datasets,epf_de,24,20,-480,24,1,,24,SQL,"['MASE', {'name': 'WAPE', 'epsilon': 1.0}, {'name': 'WQL', 'epsilon': 1.0}]","[0.1, 0.2, 0.3, 0.4, 0.5, 0.6, 0.7, 0.8, 0.9]",id,timestamp,target,,"['Ampirion Load Forecast', 'PV+Wind Forecast']",[],[],epf_de,0.4367504266680445,0.0,175.57534110595589,20,b0b822e47c7608d3,False,0.7.0,0.4367504266680445,0.5606975009726158,0.316956678750021,0.2506965721624185,"{""max_context_length"": 32768, ""model_path"": ""tabpfn-v3-regressor-v3_20260506_timeseries.ckpt"", ""use_covariates"": true}",357bc23
TabPFN-TS-3,tabpfn-ts-3,autogluon/fev_datasets,ercot_1H,168,20,-3360,168,1,,24,SQL,"['MASE', {'name': 'WAPE', 'epsilon': 1.0}, {'name': 'WQL', 'epsilon': 1.0}]","[0.1, 0.2, 0.3, 0.4, 0.5, 0.6, 0.7, 0.8, 0.9]",id,timestamp,target,,[],[],[],ercot_1H,1.107700165389693,0.0,1364.3581219109185,160,ea7c064764004599,False,0.7.0,1.107700165389693,1.4292818008743051,0.0736621589104192,0.0566087326387195,"{""max_context_length"": 32768, ""model_path"": ""tabpfn-v3-regressor-v3_20260506_timeseries.ckpt"", ""use_covariates"": true}",357bc23
TabPFN-TS-3,tabpfn-ts-3,autogluon/fev_datasets,favorita_stores_1D,28,10,-280,28,1,,7,SQL,"['MASE', {'name': 'WAPE', 'epsilon': 1.0}, {'name': 'WQL', 'epsilon': 1.0}]","[0.1, 0.2, 0.3, 0.4, 0.5, 0.6, 0.7, 0.8, 0.9]",id,timestamp,sales,,"['holiday', 'onpromotion']",['oil_price'],"['city', 'cluster', 'family', 'state', 'store_nbr', 'type']",favorita_stores_1D,0.989499543264631,0.0,37659.466999645,15790,7c6ded4c862d08bd,False,0.7.0,0.989499543264631,1.228625222554556,0.1645023653209356,0.1316709729696958,"{""max_context_length"": 32768, ""model_path"": ""tabpfn-v3-regressor-v3_20260506_timeseries.ckpt"", ""use_covariates"": true}",357bc23
TabPFN-TS-3,tabpfn-ts-3,autogluon/fev_datasets,favorita_stores_1W,13,10,-130,13,1,,1,SQL,"['MASE', {'name': 'WAPE', 'epsilon': 1.0}, {'name': 'WQL', 'epsilon': 1.0}]","[0.1, 0.2, 0.3, 0.4, 0.5, 0.6, 0.7, 0.8, 0.9]",id,timestamp,sales,,['onpromotion'],['oil_price'],"['city', 'cluster', 'family', 'state', 'store_nbr', 'type']",favorita_stores_1W,2.054172465191093,0.0,33021.44959862999,15790,1cf7145738b8996c,False,0.7.0,2.054172465191093,2.421557830898272,0.1219871360175983,0.0979269717117583,"{""max_context_length"": 32768, ""model_path"": ""tabpfn-v3-regressor-v3_20260506_timeseries.ckpt"", ""use_covariates"": true}",357bc23
TabPFN-TS-3,tabpfn-ts-3,autogluon/fev_datasets,favorita_transactions_1D,28,10,-280,28,1,,7,SQL,"['MASE', {'name': 'WAPE', 'epsilon': 1.0}, {'name': 'WQL', 'epsilon': 1.0}]","[0.1, 0.2, 0.3, 0.4, 0.5, 0.6, 0.7, 0.8, 0.9]",id,timestamp,transactions,,['holiday'],['oil_price'],"['city', 'cluster', 'state', 'store_nbr', 'type']",favorita_transactions_1D,1.2831102129867946,0.0,1197.3041192029775,510,93e47f4edb5bcbe1,False,0.7.0,1.2831102129867946,1.6147813022500948,0.0839513682941389,0.0683705151055696,"{""max_context_length"": 32768, ""model_path"": ""tabpfn-v3-regressor-v3_20260506_timeseries.ckpt"", ""use_covariates"": true}",357bc23
TabPFN-TS-3,tabpfn-ts-3,autogluon/fev_datasets,favorita_transactions_1M,12,2,-24,12,1,,12,SQL,"['MASE', {'name': 'WAPE', 'epsilon': 1.0}, {'name': 'WQL', 'epsilon': 1.0}]","[0.1, 0.2, 0.3, 0.4, 0.5, 0.6, 0.7, 0.8, 0.9]",id,timestamp,transactions,,[],['oil_price'],"['city', 'cluster', 'state', 'store_nbr', 'type']",favorita_transactions_1M,1.2138108309494609,0.0,192.18205114797456,102,6f7b1122146e5d93,False,0.7.0,1.2138108309494609,1.405531832482585,0.0789625347274394,0.0683309621120336,"{""max_context_length"": 32768, ""model_path"": ""tabpfn-v3-regressor-v3_20260506_timeseries.ckpt"", ""use_covariates"": true}",357bc23
TabPFN-TS-3,tabpfn-ts-3,autogluon/fev_datasets,favorita_transactions_1W,13,10,-130,13,1,,1,SQL,"['MASE', {'name': 'WAPE', 'epsilon': 1.0}, {'name': 'WQL', 'epsilon': 1.0}]","[0.1, 0.2, 0.3, 0.4, 0.5, 0.6, 0.7, 0.8, 0.9]",id,timestamp,transactions,,[],['oil_price'],"['city', 'cluster', 'state', 'store_nbr', 'type']",favorita_transactions_1W,1.5792758918796217,0.0,1056.216226645949,510,19b5577b63233e9d,False,0.7.0,1.5792758918796217,2.124324012257304,0.0670295506504546,0.0535137810819275,"{""max_context_length"": 32768, ""model_path"": ""tabpfn-v3-regressor-v3_20260506_timeseries.ckpt"", ""use_covariates"": true}",357bc23
TabPFN-TS-3,tabpfn-ts-3,autogluon/fev_datasets,fred_qd_2025,8,20,-160,8,1,,1,SQL,"['MASE', {'name': 'WAPE', 'epsilon': 1.0}, {'name': 'WQL', 'epsilon': 1.0}]","[0.1, 0.2, 0.3, 0.4, 0.5, 0.6, 0.7, 0.8, 0.9]",id,timestamp,"['CPIAUCSL', 'FEDFUNDS', 'PAYEMS']",,[],"['M2REAL', 'NONBORRES', 'PPICMM', 'TOTRESNS']",[],fred_qd_2025/cee,2.4554780915288537,0.0,121.3529514230031,60,d257091c861020bf,False,0.7.0,2.4554780915288537,2.966857507337953,0.1583802024194579,0.13478856788472,"{""max_context_length"": 32768, ""model_path"": ""tabpfn-v3-regressor-v3_20260506_timeseries.ckpt"", ""use_covariates"": true}",357bc23
TabPFN-TS-3,tabpfn-ts-3,autogluon/fev_datasets,fred_qd_2025,8,20,-160,8,1,,1,SQL,"['MASE', {'name': 'WAPE', 'epsilon': 1.0}, {'name': 'WQL', 'epsilon': 1.0}]","[0.1, 0.2, 0.3, 0.4, 0.5, 0.6, 0.7, 0.8, 0.9]",id,timestamp,"['AAA', 'AWHMAN', 'BAA', 'BUSINVx', 'CPIAUCSL', 'CPIMEDSL', 'CUMFNS', 'DMANEMP', 'EXUSUKx', 'FEDFUNDS', 'GS1', 'GS10', 'GS5', 'HOUST', 'INDPRO', 'INVEST', 'IPBUSEQ', 'IPCONGD', 'IPDCONGD', 'IPDMAT', 'IPFINAL', 'IPMANSICS', 'IPMAT', 'IPNCONGD', 'IPNMAT', 'M2REAL', 'MANEMP', 'NDMANEMP', 'NONBORRES', 'PAYEMS', 'PERMIT', 'PPICMM', 'S&P 500', 'SRVPRD', 'TB3MS', 'TB6MS', 'TOTRESNS', 'UEMP15T26', 'UEMP27OV', 'UEMP5TO14', 'UEMPLT5', 'UEMPMEAN', 'UMCSENTx', 'UNRATE', 'USCONS', 'USFIRE', 'USGOOD', 'USGOVT', 'USTPU', 'USTRADE', 'VIXCLSx']",,[],[],[],fred_qd_2025/macro,4.039724069464175,0.0,2065.23207600406,1020,d257091c861020bf,False,0.7.0,4.039724069464175,4.871297310271108,0.1117564129915322,0.0918962174469524,"{""max_context_length"": 32768, ""model_path"": ""tabpfn-v3-regressor-v3_20260506_timeseries.ckpt"", ""use_covariates"": true}",357bc23
TabPFN-TS-3,tabpfn-ts-3,autogluon/fev_datasets,gvar,8,10,-80,8,1,,4,SQL,"['MASE', {'name': 'WAPE', 'epsilon': 1.0}, {'name': 'WQL', 'epsilon': 1.0}]","[0.1, 0.2, 0.3, 0.4, 0.5, 0.6, 0.7, 0.8, 0.9]",id,timestamp,"['Dp', 'ep', 'eq', 'lr', 'r', 'y']",,[],"['pmat', 'pmetal', 'poil']",[],gvar,0.5938390869805694,0.0,3747.148201330012,1980,f9353d7e5df197ee,False,0.7.0,0.5938390869805694,0.731355403616328,0.0191344150897223,0.0155006620792276,"{""max_context_length"": 32768, ""model_path"": ""tabpfn-v3-regressor-v3_20260506_timeseries.ckpt"", ""use_covariates"": true}",357bc23
TabPFN-TS-3,tabpfn-ts-3,autogluon/fev_datasets,hospital,12,4,-48,12,1,,12,SQL,"['MASE', {'name': 'WAPE', 'epsilon': 1.0}, {'name': 'WQL', 'epsilon': 1.0}]","[0.1, 0.2, 0.3, 0.4, 0.5, 0.6, 0.7, 0.8, 0.9]",id,timestamp,target,,[],[],[],hospital,0.6731882113926562,0.0,6098.422563175991,3068,9c6e8721c2eca10b,False,0.7.0,0.6731882113926562,0.8526429777187913,0.0860761244547937,0.0695284518782354,"{""max_context_length"": 32768, ""model_path"": ""tabpfn-v3-regressor-v3_20260506_timeseries.ckpt"", ""use_covariates"": true}",357bc23
TabPFN-TS-3,tabpfn-ts-3,autogluon/fev_datasets,kdd_cup_2022_30T,96,10,-960,96,1,,48,SQL,"['MASE', {'name': 'WAPE', 'epsilon': 1.0}, {'name': 'WQL', 'epsilon': 1.0}]","[0.1, 0.2, 0.3, 0.4, 0.5, 0.6, 0.7, 0.8, 0.9]",id,timestamp,Patv,,[],"['Etmp', 'Itmp', 'Ndir', 'Pab1', 'Pab2', 'Pab3', 'Prtv', 'Wdir', 'Wspd']",[],kdd_cup_2022_30T,0.458777471541116,0.0,5378.369040967009,1340,bf18bd35bb0df915,False,0.7.0,0.458777471541116,0.5572238152571963,1.8903806612933445,1.6401003171211754,"{""max_context_length"": 32768, ""model_path"": ""tabpfn-v3-regressor-v3_20260506_timeseries.ckpt"", ""use_covariates"": true}",357bc23
TabPFN-TS-3,tabpfn-ts-3,autogluon/fev_datasets,redset_5T,288,10,-2880,288,1,,288,SQL,"['MASE', {'name': 'WAPE', 'epsilon': 1.0}, {'name': 'WQL', 'epsilon': 1.0}]","[0.1, 0.2, 0.3, 0.4, 0.5, 0.6, 0.7, 0.8, 0.9]",id,timestamp,target,,[],[],['subset'],redset_5T,0.7492060032121453,0.0,7969.669190032975,1180,4776bd88b54d8a04,False,0.7.0,0.7492060032121453,0.9517706951328462,0.3544606024326989,0.2837469344452893,"{""max_context_length"": 32768, ""model_path"": ""tabpfn-v3-regressor-v3_20260506_timeseries.ckpt"", ""use_covariates"": true}",357bc23
TabPFN-TS-3,tabpfn-ts-3,autogluon/fev_datasets,rohlik_sales_1W,8,1,2023-12-15T00:00:00,8,8,,1,SQL,"['MASE', {'name': 'WAPE', 'epsilon': 1.0}, {'name': 'WQL', 'epsilon': 1.0}]","[0.1, 0.2, 0.3, 0.4, 0.5, 0.6, 0.7, 0.8, 0.9]",id,timestamp,sales,,"['holiday', 'school_holidays', 'sell_price_main', 'shops_closed', 'total_orders', 'type_0_discount', 'type_1_discount', 'type_2_discount', 'type_3_discount', 'type_4_discount', 'type_5_discount', 'type_6_discount', 'winter_school_holidays']",['availability'],"['L1_category_name_en', 'L2_category_name_en', 'L3_category_name_en', 'L4_category_name_en', 'name', 'product_unique_id', 'warehouse']",rohlik_sales_1W,1.1594553457688928,0.0,8858.686464859988,3942,09041d7a8a29c83f,False,0.7.0,1.1594553457688928,1.4419109155599912,0.2013798454674252,0.1605688879104377,"{""max_context_length"": 32768, ""model_path"": ""tabpfn-v3-regressor-v3_20260506_timeseries.ckpt"", ""use_covariates"": true}",357bc23
TabPFN-TS-3,tabpfn-ts-3,autogluon/fev_datasets,rossmann_1W,13,8,-104,13,1,,1,SQL,"['MASE', {'name': 'WAPE', 'epsilon': 1.0}, {'name': 'WQL', 'epsilon': 1.0}]","[0.1, 0.2, 0.3, 0.4, 0.5, 0.6, 0.7, 0.8, 0.9]",id,timestamp,Sales,,"['Open', 'Promo', 'SchoolHoliday', 'StateHoliday']",['Customers'],"['Assortment', 'CompetitionDistance', 'CompetitionOpenSinceMonth', 'CompetitionOpenSinceYear', 'Promo2', 'Promo2SinceWeek', 'Promo2SinceYear', 'PromoInterval', 'Store', 'StoreType']",rossmann_1W,0.2557311753954694,0.0,18260.48082975298,8920,cfc14443664745b2,False,0.7.0,0.2557311753954694,0.3049567521371443,0.0792152371311969,0.0665351810579416,"{""max_context_length"": 32768, ""model_path"": ""tabpfn-v3-regressor-v3_20260506_timeseries.ckpt"", ""use_covariates"": true}",357bc23
TabPFN-TS-3,tabpfn-ts-3,autogluon/fev_datasets,solar_with_weather_15T,96,20,-1920,96,1,,96,SQL,"['MASE', {'name': 'WAPE', 'epsilon': 1.0}, {'name': 'WQL', 'epsilon': 1.0}]","[0.1, 0.2, 0.3, 0.4, 0.5, 0.6, 0.7, 0.8, 0.9]",id,timestamp,target,,"['day_length', 'humidity', 'pressure', 'rain_1h', 'snow_1h', 'temp', 'wind_speed']","['clouds_all', 'global_horizontal_irradiance']",[],solar_with_weather_15T,0.671061862480211,0.0,193.897564191022,20,0b6d5a3c52af6282,False,0.7.0,0.671061862480211,0.83448680982124,0.9827288868251364,0.8532718151842908,"{""max_context_length"": 32768, ""model_path"": ""tabpfn-v3-regressor-v3_20260506_timeseries.ckpt"", ""use_covariates"": true}",357bc23
TabPFN-TS-3,tabpfn-ts-3,autogluon/fev_datasets,uci_air_quality_1H,168,20,-3360,168,1,,24,SQL,"['MASE', {'name': 'WAPE', 'epsilon': 1.0}, {'name': 'WQL', 'epsilon': 1.0}]","[0.1, 0.2, 0.3, 0.4, 0.5, 0.6, 0.7, 0.8, 0.9]",id,timestamp,"['C6H6(GT)', 'CO(GT)', 'NO2(GT)', 'NOx(GT)']",,"['AH', 'RH', 'T']",[],[],uci_air_quality_1H,0.9341145309702884,0.0,237.2130962009251,80,031d3ed27aba2c43,False,0.7.0,0.9341145309702884,1.1948901993116885,0.3876729031274631,0.3026557023081367,"{""max_context_length"": 32768, ""model_path"": ""tabpfn-v3-regressor-v3_20260506_timeseries.ckpt"", ""use_covariates"": true}",357bc23
TabPFN-TS-3,tabpfn-ts-3,autogluon/fev_datasets,us_consumption_1Q,8,10,-80,8,1,,4,SQL,"['MASE', {'name': 'WAPE', 'epsilon': 1.0}, {'name': 'WQL', 'epsilon': 1.0}]","[0.1, 0.2, 0.3, 0.4, 0.5, 0.6, 0.7, 0.8, 0.9]",id,timestamp,target,,[],[],[],us_consumption_1Q,2.3015815226386094,0.0,597.4149969740247,310,91f975812d53dcb0,False,0.7.0,2.3015815226386094,2.7867647567975213,0.0467301875135206,0.038214897983973,"{""max_context_length"": 32768, ""model_path"": ""tabpfn-v3-regressor-v3_20260506_timeseries.ckpt"", ""use_covariates"": true}",357bc23
